PLOT_OCEAN,PLOT_OCEAN,PLOT_OCEAN,PLOT_OCEAN,PLOT_OCEAN,PLOT_OCEAN,PLOT_OCEAN,PLOT_OCEAN,PLOT_OCEAN,PLOT_OCEAN,PLOT_OCEAN,PLOT_OCEAN,PLOT_HILLS,PLOT_OCEAN,PLOT_HILLS,PLOT_LAND,PLOT_HILLS,PLOT_LAND,PLOT_LAND,PLOT_OCEAN,PLOT_OCEAN,PLOT_LAND,PLOT_OCEAN,PLOT_OCEAN,PLOT_OCEAN,PLOT_OCEAN,PLOT_LAND,PLOT_LAND,PLOT_LAND,PLOT_LAND,PLOT_LAND,PLOT_LAND,PLOT_HILLS,PLOT_PEAK,PLOT_OCEAN,PLOT_OCEAN,PLOT_OCEAN,PLOT_OCEAN,PLOT_OCEAN,PLOT_OCEAN,PLOT_PEAK,PLOT_HILLS,PLOT_LAND,PLOT_LAND,PLOT_LAND,PLOT_LAND,PLOT_LAND,PLOT_HILLS,PLOT_PEAK,PLOT_HILLS,PLOT_OCEAN,PLOT_OCEAN,PLOT_OCEAN,PLOT_OCEAN,PLOT_OCEAN,PLOT_OCEAN,PLOT_LAND,PLOT_OCEAN,PLOT_OCEAN,PLOT_OCEAN,PLOT_OCEAN,PLOT_OCEAN,PLOT_OCEAN,PLOT_OCEAN,PLOT_OCEAN,PLOT_OCEAN,PLOT_OCEAN,PLOT_OCEAN,PLOT_OCEAN,PLOT_OCEAN,PLOT_OCEAN,PLOT_OCEAN,PLOT_OCEAN,PLOT_OCEAN,PLOT_OCEAN,PLOT_OCEAN,PLOT_OCEAN,PLOT_OCEAN,PLOT_OCEAN,PLOT_OCEAN,PLOT_OCEAN,PLOT_OCEAN,PLOT_OCEAN,PLOT_OCEAN,PLOT_OCEAN,PLOT_OCEAN,PLOT_OCEAN,PLOT_OCEAN,PLOT_OCEAN,PLOT_OCEAN,PLOT_OCEAN,PLOT_OCEAN,PLOT_OCEAN,PLOT_OCEAN,PLOT_OCEAN,PLOT_OCEAN,PLOT_LAND,PLOT_HILLS,PLOT_HILLS,PLOT_HILLS,PLOT_HILLS,PLOT_OCEAN,PLOT_OCEAN,PLOT_OCEAN,PLOT_OCEAN,PLOT_OCEAN,PLOT_OCEAN,PLOT_OCEAN,PLOT_OCEAN,PLOT_OCEAN,PLOT_OCEAN,PLOT_OCEAN,PLOT_OCEAN,PLOT_OCEAN,PLOT_OCEAN,PLOT_OCEAN,PLOT_OCEAN,PLOT_OCEAN,PLOT_OCEAN,PLOT_OCEAN,PLOT_OCEAN,PLOT_OCEAN,PLOT_OCEAN,PLOT_OCEAN,PLOT_OCEAN,PLOT_OCEAN,PLOT_OCEAN,PLOT_OCEAN,PLOT_OCEAN,PLOT_OCEAN,PLOT_OCEAN,PLOT_LAND,PLOT_OCEAN,PLOT_LAND,PLOT_OCEAN,PLOT_OCEAN,PLOT_OCEAN,PLOT_OCEAN,PLOT_OCEAN,PLOT_OCEAN,PLOT_OCEAN,PLOT_OCEAN,PLOT_OCEAN,PLOT_OCEAN,PLOT_OCEAN,PLOT_OCEAN,PLOT_OCEAN,PLOT_OCEAN,PLOT_OCEAN,PLOT_OCEAN
PLOT_OCEAN,PLOT_OCEAN,PLOT_OCEAN,PLOT_OCEAN,PLOT_OCEAN,PLOT_OCEAN,PLOT_OCEAN,PLOT_OCEAN,PLOT_OCEAN,PLOT_OCEAN,PLOT_OCEAN,PLOT_OCEAN,PLOT_OCEAN,PLOT_OCEAN,PLOT_OCEAN,PLOT_OCEAN,PLOT_LAND,PLOT_HILLS,PLOT_HILLS,PLOT_LAND,PLOT_OCEAN,PLOT_LAND,PLOT_OCEAN,PLOT_LAND,PLOT_OCEAN,PLOT_OCEAN,PLOT_OCEAN,PLOT_LAND,PLOT_LAND,PLOT_LAND,PLOT_LAND,PLOT_LAND,PLOT_LAND,PLOT_HILLS,PLOT_PEAK,PLOT_OCEAN,PLOT_OCEAN,PLOT_OCEAN,PLOT_OCEAN,PLOT_HILLS,PLOT_OCEAN,PLOT_LAND,PLOT_LAND,PLOT_LAND,PLOT_LAND,PLOT_LAND,PLOT_HILLS,PLOT_PEAK,PLOT_HILLS,PLOT_OCEAN,PLOT_OCEAN,PLOT_OCEAN,PLOT_OCEAN,PLOT_OCEAN,PLOT_OCEAN,PLOT_OCEAN,PLOT_OCEAN,PLOT_OCEAN,PLOT_OCEAN,PLOT_OCEAN,PLOT_OCEAN,PLOT_OCEAN,PLOT_OCEAN,PLOT_OCEAN,PLOT_OCEAN,PLOT_OCEAN,PLOT_OCEAN,PLOT_OCEAN,PLOT_OCEAN,PLOT_OCEAN,PLOT_OCEAN,PLOT_OCEAN,PLOT_OCEAN,PLOT_OCEAN,PLOT_HILLS,PLOT_PEAK,PLOT_HILLS,PLOT_HILLS,PLOT_LAND,PLOT_HILLS,PLOT_LAND,PLOT_OCEAN,PLOT_OCEAN,PLOT_OCEAN,PLOT_OCEAN,PLOT_OCEAN,PLOT_OCEAN,PLOT_OCEAN,PLOT_OCEAN,PLOT_OCEAN,PLOT_OCEAN,PLOT_OCEAN,PLOT_OCEAN,PLOT_OCEAN,PLOT_OCEAN,PLOT_LAND,PLOT_HILLS,PLOT_OCEAN,PLOT_OCEAN,PLOT_OCEAN,PLOT_OCEAN,PLOT_OCEAN,PLOT_OCEAN,PLOT_OCEAN,PLOT_OCEAN,PLOT_OCEAN,PLOT_OCEAN,PLOT_OCEAN,PLOT_OCEAN,PLOT_OCEAN,PLOT_OCEAN,PLOT_OCEAN,PLOT_OCEAN,PLOT_OCEAN,PLOT_OCEAN,PLOT_OCEAN,PLOT_OCEAN,PLOT_LAND,PLOT_HILLS,PLOT_PEAK,PLOT_LAND,PLOT_LAND,PLOT_OCEAN,PLOT_OCEAN,PLOT_OCEAN,PLOT_OCEAN,PLOT_OCEAN,PLOT_OCEAN,PLOT_OCEAN,PLOT_OCEAN,PLOT_OCEAN,PLOT_OCEAN,PLOT_OCEAN,PLOT_OCEAN,PLOT_OCEAN,PLOT_OCEAN,PLOT_OCEAN,PLOT_OCEAN,PLOT_OCEAN,PLOT_OCEAN,PLOT_OCEAN,PLOT_OCEAN,PLOT_OCEAN,PLOT_OCEAN,PLOT_OCEAN,PLOT_OCEAN,PLOT_OCEAN,PLOT_HILLS,PLOT_OCEAN,PLOT_OCEAN
PLOT_OCEAN,PLOT_OCEAN,PLOT_LAND,PLOT_LAND,PLOT_OCEAN,PLOT_OCEAN,PLOT_OCEAN,PLOT_OCEAN,PLOT_OCEAN,PLOT_OCEAN,PLOT_OCEAN,PLOT_OCEAN,PLOT_OCEAN,PLOT_OCEAN,PLOT_LAND,PLOT_HILLS,PLOT_HILLS,PLOT_LAND,PLOT_LAND,PLOT_LAND,PLOT_OCEAN,PLOT_OCEAN,PLOT_OCEAN,PLOT_HILLS,PLOT_LAND,PLOT_OCEAN,PLOT_OCEAN,PLOT_OCEAN,PLOT_OCEAN,PLOT_OCEAN,PLOT_OCEAN,PLOT_LAND,PLOT_LAND,PLOT_LAND,PLOT_HILLS,PLOT_OCEAN,PLOT_OCEAN,PLOT_OCEAN,PLOT_OCEAN,PLOT_OCEAN,PLOT_OCEAN,PLOT_LAND,PLOT_LAND,PLOT_LAND,PLOT_LAND,PLOT_LAND,PLOT_PEAK,PLOT_OCEAN,PLOT_OCEAN,PLOT_OCEAN,PLOT_HILLS,PLOT_OCEAN,PLOT_OCEAN,PLOT_OCEAN,PLOT_OCEAN,PLOT_OCEAN,PLOT_OCEAN,PLOT_OCEAN,PLOT_OCEAN,PLOT_OCEAN,PLOT_OCEAN,PLOT_OCEAN,PLOT_OCEAN,PLOT_OCEAN,PLOT_OCEAN,PLOT_OCEAN,PLOT_OCEAN,PLOT_OCEAN,PLOT_OCEAN,PLOT_OCEAN,PLOT_OCEAN,PLOT_OCEAN,PLOT_HILLS,PLOT_HILLS,PLOT_PEAK,PLOT_HILLS,PLOT_HILLS,PLOT_HILLS,PLOT_HILLS,PLOT_OCEAN,PLOT_PEAK,PLOT_LAND,PLOT_LAND,PLOT_OCEAN,PLOT_OCEAN,PLOT_OCEAN,PLOT_OCEAN,PLOT_OCEAN,PLOT_OCEAN,PLOT_OCEAN,PLOT_OCEAN,PLOT_OCEAN,PLOT_OCEAN,PLOT_OCEAN,PLOT_LAND,PLOT_HILLS,PLOT_OCEAN,PLOT_OCEAN,PLOT_OCEAN,PLOT_OCEAN,PLOT_OCEAN,PLOT_OCEAN,PLOT_OCEAN,PLOT_OCEAN,PLOT_OCEAN,PLOT_OCEAN,PLOT_OCEAN,PLOT_OCEAN,PLOT_OCEAN,PLOT_OCEAN,PLOT_OCEAN,PLOT_OCEAN,PLOT_HILLS,PLOT_HILLS,PLOT_LAND,PLOT_HILLS,PLOT_HILLS,PLOT_HILLS,PLOT_OCEAN,PLOT_LAND,PLOT_LAND,PLOT_LAND,PLOT_OCEAN,PLOT_OCEAN,PLOT_OCEAN,PLOT_OCEAN,PLOT_OCEAN,PLOT_OCEAN,PLOT_LAND,PLOT_LAND,PLOT_OCEAN,PLOT_OCEAN,PLOT_OCEAN,PLOT_LAND,PLOT_LAND,PLOT_LAND,PLOT_LAND,PLOT_OCEAN,PLOT_OCEAN,PLOT_OCEAN,PLOT_OCEAN,PLOT_OCEAN,PLOT_OCEAN,PLOT_OCEAN,PLOT_OCEAN,PLOT_OCEAN,PLOT_OCEAN,PLOT_OCEAN,PLOT_OCEAN,PLOT_OCEAN
PLOT_OCEAN,PLOT_LAND,PLOT_LAND,PLOT_LAND,PLOT_LAND,PLOT_PEAK,PLOT_PEAK,PLOT_OCEAN,PLOT_LAND,PLOT_LAND,PLOT_OCEAN,PLOT_LAND,PLOT_LAND,PLOT_OCEAN,PLOT_OCEAN,PLOT_LAND,PLOT_LAND,PLOT_OCEAN,PLOT_OCEAN,PLOT_OCEAN,PLOT_OCEAN,PLOT_LAND,PLOT_OCEAN,PLOT_OCEAN,PLOT_HILLS,PLOT_OCEAN,PLOT_OCEAN,PLOT_LAND,PLOT_OCEAN,PLOT_OCEAN,PLOT_LAND,PLOT_OCEAN,PLOT_LAND,PLOT_LAND,PLOT_LAND,PLOT_PEAK,PLOT_PEAK,PLOT_OCEAN,PLOT_OCEAN,PLOT_OCEAN,PLOT_LAND,PLOT_LAND,PLOT_LAND,PLOT_LAND,PLOT_LAND,PLOT_LAND,PLOT_PEAK,PLOT_OCEAN,PLOT_OCEAN,PLOT_OCEAN,PLOT_OCEAN,PLOT_HILLS,PLOT_HILLS,PLOT_HILLS,PLOT_OCEAN,PLOT_OCEAN,PLOT_OCEAN,PLOT_OCEAN,PLOT_OCEAN,PLOT_OCEAN,PLOT_OCEAN,PLOT_OCEAN,PLOT_OCEAN,PLOT_OCEAN,PLOT_OCEAN,PLOT_OCEAN,PLOT_OCEAN,PLOT_OCEAN,PLOT_OCEAN,PLOT_HILLS,PLOT_PEAK,PLOT_HILLS,PLOT_PEAK,PLOT_PEAK,PLOT_HILLS,PLOT_HILLS,PLOT_LAND,PLOT_LAND,PLOT_LAND,PLOT_HILLS,PLOT_LAND,PLOT_PEAK,PLOT_LAND,PLOT_HILLS,PLOT_HILLS,PLOT_OCEAN,PLOT_OCEAN,PLOT_OCEAN,PLOT_OCEAN,PLOT_OCEAN,PLOT_OCEAN,PLOT_LAND,PLOT_OCEAN,PLOT_OCEAN,PLOT_OCEAN,PLOT_LAND,PLOT_LAND,PLOT_OCEAN,PLOT_OCEAN,PLOT_OCEAN,PLOT_OCEAN,PLOT_OCEAN,PLOT_LAND,PLOT_OCEAN,PLOT_LAND,PLOT_OCEAN,PLOT_LAND,PLOT_LAND,PLOT_OCEAN,PLOT_HILLS,PLOT_LAND,PLOT_LAND,PLOT_LAND,PLOT_LAND,PLOT_LAND,PLOT_LAND,PLOT_LAND,PLOT_LAND,PLOT_LAND,PLOT_LAND,PLOT_OCEAN,PLOT_OCEAN,PLOT_LAND,PLOT_LAND,PLOT_LAND,PLOT_LAND,PLOT_LAND,PLOT_LAND,PLOT_LAND,PLOT_LAND,PLOT_OCEAN,PLOT_LAND,PLOT_LAND,PLOT_LAND,PLOT_LAND,PLOT_LAND,PLOT_LAND,PLOT_LAND,PLOT_LAND,PLOT_LAND,PLOT_OCEAN,PLOT_OCEAN,PLOT_LAND,PLOT_OCEAN,PLOT_HILLS,PLOT_LAND,PLOT_HILLS,PLOT_OCEAN,PLOT_OCEAN,PLOT_OCEAN
PLOT_HILLS,PLOT_PEAK,PLOT_HILLS,PLOT_PEAK,PLOT_PEAK,PLOT_HILLS,PLOT_LAND,PLOT_PEAK,PLOT_LAND,PLOT_LAND,PLOT_LAND,PLOT_LAND,PLOT_LAND,PLOT_LAND,PLOT_OCEAN,PLOT_OCEAN,PLOT_OCEAN,PLOT_OCEAN,PLOT_LAND,PLOT_OCEAN,PLOT_OCEAN,PLOT_OCEAN,PLOT_LAND,PLOT_LAND,PLOT_LAND,PLOT_LAND,PLOT_LAND,PLOT_LAND,PLOT_OCEAN,PLOT_OCEAN,PLOT_OCEAN,PLOT_OCEAN,PLOT_LAND,PLOT_OCEAN,PLOT_LAND,PLOT_OCEAN,PLOT_HILLS,PLOT_OCEAN,PLOT_OCEAN,PLOT_OCEAN,PLOT_PEAK,PLOT_LAND,PLOT_LAND,PLOT_LAND,PLOT_LAND,PLOT_LAND,PLOT_OCEAN,PLOT_OCEAN,PLOT_OCEAN,PLOT_OCEAN,PLOT_OCEAN,PLOT_LAND,PLOT_PEAK,PLOT_HILLS,PLOT_OCEAN,PLOT_OCEAN,PLOT_OCEAN,PLOT_OCEAN,PLOT_OCEAN,PLOT_OCEAN,PLOT_OCEAN,PLOT_OCEAN,PLOT_OCEAN,PLOT_OCEAN,PLOT_OCEAN,PLOT_OCEAN,PLOT_OCEAN,PLOT_LAND,PLOT_HILLS,PLOT_HILLS,PLOT_PEAK,PLOT_PEAK,PLOT_HILLS,PLOT_LAND,PLOT_LAND,PLOT_LAND,PLOT_LAND,PLOT_LAND,PLOT_LAND,PLOT_LAND,PLOT_LAND,PLOT_LAND,PLOT_LAND,PLOT_LAND,PLOT_LAND,PLOT_LAND,PLOT_OCEAN,PLOT_OCEAN,PLOT_OCEAN,PLOT_LAND,PLOT_OCEAN,PLOT_OCEAN,PLOT_OCEAN,PLOT_OCEAN,PLOT_OCEAN,PLOT_OCEAN,PLOT_OCEAN,PLOT_OCEAN,PLOT_OCEAN,PLOT_OCEAN,PLOT_OCEAN,PLOT_LAND,PLOT_LAND,PLOT_OCEAN,PLOT_LAND,PLOT_LAND,PLOT_LAND,PLOT_LAND,PLOT_LAND,PLOT_LAND,PLOT_LAND,PLOT_LAND,PLOT_LAND,PLOT_LAND,PLOT_LAND,PLOT_HILLS,PLOT_LAND,PLOT_LAND,PLOT_LAND,PLOT_LAND,PLOT_LAND,PLOT_LAND,PLOT_LAND,PLOT_LAND,PLOT_LAND,PLOT_LAND,PLOT_LAND,PLOT_LAND,PLOT_LAND,PLOT_LAND,PLOT_HILLS,PLOT_LAND,PLOT_HILLS,PLOT_HILLS,PLOT_LAND,PLOT_LAND,PLOT_HILLS,PLOT_LAND,PLOT_LAND,PLOT_LAND,PLOT_HILLS,PLOT_LAND,PLOT_LAND,PLOT_LAND,PLOT_LAND,PLOT_HILLS,PLOT_PEAK,PLOT_LAND,PLOT_OCEAN,PLOT_OCEAN
PLOT_OCEAN,PLOT_OCEAN,PLOT_LAND,PLOT_LAND,PLOT_LAND,PLOT_LAND,PLOT_PEAK,PLOT_LAND,PLOT_LAND,PLOT_HILLS,PLOT_LAND,PLOT_LAND,PLOT_LAND,PLOT_LAND,PLOT_LAND,PLOT_LAND,PLOT_LAND,PLOT_OCEAN,PLOT_LAND,PLOT_LAND,PLOT_LAND,PLOT_LAND,PLOT_LAND,PLOT_LAND,PLOT_LAND,PLOT_LAND,PLOT_LAND,PLOT_LAND,PLOT_OCEAN,PLOT_OCEAN,PLOT_HILLS,PLOT_LAND,PLOT_OCEAN,PLOT_LAND,PLOT_HILLS,PLOT_OCEAN,PLOT_OCEAN,PLOT_OCEAN,PLOT_OCEAN,PLOT_OCEAN,PLOT_LAND,PLOT_HILLS,PLOT_LAND,PLOT_LAND,PLOT_PEAK,PLOT_OCEAN,PLOT_OCEAN,PLOT_OCEAN,PLOT_OCEAN,PLOT_OCEAN,PLOT_OCEAN,PLOT_OCEAN,PLOT_OCEAN,PLOT_OCEAN,PLOT_OCEAN,PLOT_OCEAN,PLOT_OCEAN,PLOT_OCEAN,PLOT_OCEAN,PLOT_OCEAN,PLOT_OCEAN,PLOT_OCEAN,PLOT_OCEAN,PLOT_OCEAN,PLOT_OCEAN,PLOT_OCEAN,PLOT_HILLS,PLOT_HILLS,PLOT_PEAK,PLOT_PEAK,PLOT_HILLS,PLOT_HILLS,PLOT_LAND,PLOT_LAND,PLOT_LAND,PLOT_LAND,PLOT_OCEAN,PLOT_OCEAN,PLOT_LAND,PLOT_LAND,PLOT_HILLS,PLOT_HILLS,PLOT_LAND,PLOT_OCEAN,PLOT_OCEAN,PLOT_OCEAN,PLOT_OCEAN,PLOT_LAND,PLOT_OCEAN,PLOT_LAND,PLOT_OCEAN,PLOT_LAND,PLOT_LAND,PLOT_LAND,PLOT_OCEAN,PLOT_OCEAN,PLOT_OCEAN,PLOT_LAND,PLOT_LAND,PLOT_LAND,PLOT_OCEAN,PLOT_LAND,PLOT_LAND,PLOT_OCEAN,PLOT_OCEAN,PLOT_LAND,PLOT_LAND,PLOT_LAND,PLOT_LAND,PLOT_LAND,PLOT_LAND,PLOT_LAND,PLOT_HILLS,PLOT_PEAK,PLOT_PEAK,PLOT_HILLS,PLOT_HILLS,PLOT_LAND,PLOT_LAND,PLOT_HILLS,PLOT_HILLS,PLOT_LAND,PLOT_LAND,PLOT_LAND,PLOT_LAND,PLOT_LAND,PLOT_LAND,PLOT_LAND,PLOT_LAND,PLOT_LAND,PLOT_PEAK,PLOT_LAND,PLOT_LAND,PLOT_PEAK,PLOT_LAND,PLOT_PEAK,PLOT_LAND,PLOT_LAND,PLOT_LAND,PLOT_LAND,PLOT_LAND,PLOT_HILLS,PLOT_HILLS,PLOT_LAND,PLOT_LAND,PLOT_HILLS,PLOT_PEAK,PLOT_HILLS,PLOT_HILLS,PLOT_OCEAN
PLOT_HILLS,PLOT_LAND,PLOT_LAND,PLOT_PEAK,PLOT_HILLS,PLOT_LAND,PLOT_HILLS,PLOT_PEAK,PLOT_LAND,PLOT_HILLS,PLOT_OCEAN,PLOT_OCEAN,PLOT_OCEAN,PLOT_LAND,PLOT_LAND,PLOT_HILLS,PLOT_LAND,PLOT_LAND,PLOT_LAND,PLOT_LAND,PLOT_LAND,PLOT_LAND,PLOT_LAND,PLOT_HILLS,PLOT_LAND,PLOT_LAND,PLOT_OCEAN,PLOT_OCEAN,PLOT_OCEAN,PLOT_OCEAN,PLOT_OCEAN,PLOT_OCEAN,PLOT_HILLS,PLOT_LAND,PLOT_HILLS,PLOT_PEAK,PLOT_OCEAN,PLOT_OCEAN,PLOT_OCEAN,PLOT_OCEAN,PLOT_OCEAN,PLOT_HILLS,PLOT_LAND,PLOT_PEAK,PLOT_HILLS,PLOT_OCEAN,PLOT_OCEAN,PLOT_OCEAN,PLOT_OCEAN,PLOT_OCEAN,PLOT_OCEAN,PLOT_OCEAN,PLOT_OCEAN,PLOT_OCEAN,PLOT_OCEAN,PLOT_OCEAN,PLOT_OCEAN,PLOT_OCEAN,PLOT_OCEAN,PLOT_OCEAN,PLOT_OCEAN,PLOT_OCEAN,PLOT_OCEAN,PLOT_OCEAN,PLOT_OCEAN,PLOT_HILLS,PLOT_PEAK,PLOT_PEAK,PLOT_HILLS,PLOT_HILLS,PLOT_HILLS,PLOT_HILLS,PLOT_LAND,PLOT_LAND,PLOT_OCEAN,PLOT_OCEAN,PLOT_OCEAN,PLOT_LAND,PLOT_LAND,PLOT_OCEAN,PLOT_LAND,PLOT_LAND,PLOT_LAND,PLOT_LAND,PLOT_OCEAN,PLOT_LAND,PLOT_OCEAN,PLOT_LAND,PLOT_LAND,PLOT_LAND,PLOT_LAND,PLOT_LAND,PLOT_LAND,PLOT_LAND,PLOT_LAND,PLOT_LAND,PLOT_HILLS,PLOT_LAND,PLOT_HILLS,PLOT_PEAK,PLOT_LAND,PLOT_LAND,PLOT_OCEAN,PLOT_OCEAN,PLOT_LAND,PLOT_LAND,PLOT_LAND,PLOT_LAND,PLOT_LAND,PLOT_LAND,PLOT_LAND,PLOT_HILLS,PLOT_HILLS,PLOT_PEAK,PLOT_HILLS,PLOT_HILLS,PLOT_LAND,PLOT_LAND,PLOT_LAND,PLOT_LAND,PLOT_LAND,PLOT_LAND,PLOT_LAND,PLOT_LAND,PLOT_LAND,PLOT_LAND,PLOT_LAND,PLOT_LAND,PLOT_LAND,PLOT_LAND,PLOT_PEAK,PLOT_LAND,PLOT_HILLS,PLOT_HILLS,PLOT_PEAK,PLOT_PEAK,PLOT_LAND,PLOT_LAND,PLOT_LAND,PLOT_LAND,PLOT_PEAK,PLOT_LAND,PLOT_LAND,PLOT_LAND,PLOT_LAND,PLOT_LAND,PLOT_LAND,PLOT_OCEAN,PLOT_HILLS,PLOT_OCEAN
PLOT_OCEAN,PLOT_LAND,PLOT_LAND,PLOT_LAND,PLOT_LAND,PLOT_HILLS,PLOT_LAND,PLOT_HILLS,PLOT_PEAK,PLOT_LAND,PLOT_LAND,PLOT_OCEAN,PLOT_LAND,PLOT_LAND,PLOT_LAND,PLOT_LAND,PLOT_LAND,PLOT_LAND,PLOT_LAND,PLOT_LAND,PLOT_LAND,PLOT_LAND,PLOT_OCEAN,PLOT_LAND,PLOT_LAND,PLOT_OCEAN,PLOT_LAND,PLOT_HILLS,PLOT_OCEAN,PLOT_OCEAN,PLOT_OCEAN,PLOT_OCEAN,PLOT_OCEAN,PLOT_HILLS,PLOT_PEAK,PLOT_OCEAN,PLOT_OCEAN,PLOT_OCEAN,PLOT_OCEAN,PLOT_OCEAN,PLOT_OCEAN,PLOT_HILLS,PLOT_PEAK,PLOT_PEAK,PLOT_OCEAN,PLOT_OCEAN,PLOT_OCEAN,PLOT_OCEAN,PLOT_OCEAN,PLOT_OCEAN,PLOT_OCEAN,PLOT_OCEAN,PLOT_OCEAN,PLOT_OCEAN,PLOT_OCEAN,PLOT_OCEAN,PLOT_OCEAN,PLOT_OCEAN,PLOT_OCEAN,PLOT_OCEAN,PLOT_OCEAN,PLOT_OCEAN,PLOT_OCEAN,PLOT_OCEAN,PLOT_OCEAN,PLOT_HILLS,PLOT_PEAK,PLOT_HILLS,PLOT_LAND,PLOT_LAND,PLOT_HILLS,PLOT_LAND,PLOT_LAND,PLOT_OCEAN,PLOT_OCEAN,PLOT_OCEAN,PLOT_LAND,PLOT_LAND,PLOT_OCEAN,PLOT_LAND,PLOT_OCEAN,PLOT_HILLS,PLOT_LAND,PLOT_LAND,PLOT_LAND,PLOT_LAND,PLOT_LAND,PLOT_LAND,PLOT_LAND,PLOT_LAND,PLOT_LAND,PLOT_HILLS,PLOT_LAND,PLOT_LAND,PLOT_LAND,PLOT_LAND,PLOT_LAND,PLOT_HILLS,PLOT_HILLS,PLOT_LAND,PLOT_LAND,PLOT_LAND,PLOT_LAND,PLOT_LAND,PLOT_LAND,PLOT_LAND,PLOT_LAND,PLOT_LAND,PLOT_LAND,PLOT_LAND,PLOT_LAND,PLOT_LAND,PLOT_HILLS,PLOT_LAND,PLOT_HILLS,PLOT_HILLS,PLOT_HILLS,PLOT_LAND,PLOT_HILLS,PLOT_LAND,PLOT_LAND,PLOT_LAND,PLOT_LAND,PLOT_LAND,PLOT_LAND,PLOT_LAND,PLOT_LAND,PLOT_LAND,PLOT_LAND,PLOT_LAND,PLOT_LAND,PLOT_PEAK,PLOT_PEAK,PLOT_HILLS,PLOT_HILLS,PLOT_HILLS,PLOT_PEAK,PLOT_LAND,PLOT_LAND,PLOT_PEAK,PLOT_LAND,PLOT_HILLS,PLOT_LAND,PLOT_LAND,PLOT_LAND,PLOT_PEAK,PLOT_HILLS,PLOT_OCEAN,PLOT_OCEAN,PLOT_OCEAN
PLOT_LAND,PLOT_HILLS,PLOT_PEAK,PLOT_PEAK,PLOT_PEAK,PLOT_HILLS,PLOT_HILLS,PLOT_LAND,PLOT_PEAK,PLOT_HILLS,PLOT_LAND,PLOT_LAND,PLOT_LAND,PLOT_LAND,PLOT_OCEAN,PLOT_LAND,PLOT_LAND,PLOT_LAND,PLOT_LAND,PLOT_OCEAN,PLOT_LAND,PLOT_LAND,PLOT_LAND,PLOT_LAND,PLOT_OCEAN,PLOT_OCEAN,PLOT_LAND,PLOT_OCEAN,PLOT_LAND,PLOT_OCEAN,PLOT_HILLS,PLOT_HILLS,PLOT_OCEAN,PLOT_OCEAN,PLOT_OCEAN,PLOT_OCEAN,PLOT_OCEAN,PLOT_OCEAN,PLOT_OCEAN,PLOT_OCEAN,PLOT_OCEAN,PLOT_OCEAN,PLOT_LAND,PLOT_HILLS,PLOT_OCEAN,PLOT_OCEAN,PLOT_OCEAN,PLOT_OCEAN,PLOT_OCEAN,PLOT_OCEAN,PLOT_OCEAN,PLOT_OCEAN,PLOT_OCEAN,PLOT_OCEAN,PLOT_OCEAN,PLOT_OCEAN,PLOT_LAND,PLOT_OCEAN,PLOT_OCEAN,PLOT_OCEAN,PLOT_OCEAN,PLOT_OCEAN,PLOT_OCEAN,PLOT_OCEAN,PLOT_OCEAN,PLOT_LAND,PLOT_HILLS,PLOT_LAND,PLOT_OCEAN,PLOT_LAND,PLOT_OCEAN,PLOT_LAND,PLOT_LAND,PLOT_LAND,PLOT_OCEAN,PLOT_OCEAN,PLOT_LAND,PLOT_LAND,PLOT_LAND,PLOT_LAND,PLOT_LAND,PLOT_LAND,PLOT_OCEAN,PLOT_LAND,PLOT_OCEAN,PLOT_HILLS,PLOT_LAND,PLOT_LAND,PLOT_LAND,PLOT_LAND,PLOT_LAND,PLOT_LAND,PLOT_LAND,PLOT_LAND,PLOT_LAND,PLOT_LAND,PLOT_HILLS,PLOT_PEAK,PLOT_HILLS,PLOT_LAND,PLOT_LAND,PLOT_LAND,PLOT_LAND,PLOT_LAND,PLOT_LAND,PLOT_LAND,PLOT_LAND,PLOT_LAND,PLOT_LAND,PLOT_LAND,PLOT_LAND,PLOT_HILLS,PLOT_LAND,PLOT_HILLS,PLOT_LAND,PLOT_HILLS,PLOT_HILLS,PLOT_LAND,PLOT_LAND,PLOT_LAND,PLOT_LAND,PLOT_LAND,PLOT_LAND,PLOT_LAND,PLOT_LAND,PLOT_LAND,PLOT_LAND,PLOT_LAND,PLOT_LAND,PLOT_LAND,PLOT_LAND,PLOT_LAND,PLOT_LAND,PLOT_PEAK,PLOT_PEAK,PLOT_PEAK,PLOT_HILLS,PLOT_PEAK,PLOT_PEAK,PLOT_OCEAN,PLOT_HILLS,PLOT_OCEAN,PLOT_LAND,PLOT_HILLS,PLOT_PEAK,PLOT_OCEAN,PLOT_OCEAN,PLOT_OCEAN,PLOT_OCEAN,PLOT_LAND
PLOT_HILLS,PLOT_LAND,PLOT_PEAK,PLOT_LAND,PLOT_HILLS,PLOT_PEAK,PLOT_HILLS,PLOT_HILLS,PLOT_HILLS,PLOT_PEAK,PLOT_HILLS,PLOT_LAND,PLOT_LAND,PLOT_OCEAN,PLOT_OCEAN,PLOT_OCEAN,PLOT_LAND,PLOT_LAND,PLOT_LAND,PLOT_LAND,PLOT_LAND,PLOT_LAND,PLOT_LAND,PLOT_OCEAN,PLOT_OCEAN,PLOT_OCEAN,PLOT_OCEAN,PLOT_OCEAN,PLOT_OCEAN,PLOT_OCEAN,PLOT_LAND,PLOT_LAND,PLOT_LAND,PLOT_OCEAN,PLOT_PEAK,PLOT_OCEAN,PLOT_OCEAN,PLOT_OCEAN,PLOT_OCEAN,PLOT_OCEAN,PLOT_OCEAN,PLOT_OCEAN,PLOT_OCEAN,PLOT_OCEAN,PLOT_OCEAN,PLOT_OCEAN,PLOT_OCEAN,PLOT_OCEAN,PLOT_OCEAN,PLOT_OCEAN,PLOT_OCEAN,PLOT_OCEAN,PLOT_OCEAN,PLOT_OCEAN,PLOT_OCEAN,PLOT_HILLS,PLOT_HILLS,PLOT_LAND,PLOT_OCEAN,PLOT_OCEAN,PLOT_OCEAN,PLOT_OCEAN,PLOT_OCEAN,PLOT_OCEAN,PLOT_OCEAN,PLOT_OCEAN,PLOT_OCEAN,PLOT_OCEAN,PLOT_OCEAN,PLOT_LAND,PLOT_LAND,PLOT_OCEAN,PLOT_LAND,PLOT_OCEAN,PLOT_OCEAN,PLOT_OCEAN,PLOT_OCEAN,PLOT_OCEAN,PLOT_OCEAN,PLOT_OCEAN,PLOT_OCEAN,PLOT_LAND,PLOT_OCEAN,PLOT_LAND,PLOT_LAND,PLOT_LAND,PLOT_LAND,PLOT_LAND,PLOT_LAND,PLOT_LAND,PLOT_LAND,PLOT_LAND,PLOT_LAND,PLOT_HILLS,PLOT_HILLS,PLOT_LAND,PLOT_PEAK,PLOT_HILLS,PLOT_LAND,PLOT_LAND,PLOT_LAND,PLOT_LAND,PLOT_LAND,PLOT_LAND,PLOT_LAND,PLOT_LAND,PLOT_LAND,PLOT_LAND,PLOT_LAND,PLOT_LAND,PLOT_LAND,PLOT_LAND,PLOT_HILLS,PLOT_LAND,PLOT_LAND,PLOT_LAND,PLOT_LAND,PLOT_LAND,PLOT_LAND,PLOT_LAND,PLOT_HILLS,PLOT_HILLS,PLOT_LAND,PLOT_LAND,PLOT_LAND,PLOT_HILLS,PLOT_LAND,PLOT_LAND,PLOT_LAND,PLOT_LAND,PLOT_LAND,PLOT_LAND,PLOT_LAND,PLOT_HILLS,PLOT_HILLS,PLOT_LAND,PLOT_LAND,PLOT_LAND,PLOT_LAND,PLOT_OCEAN,PLOT_OCEAN,PLOT_OCEAN,PLOT_HILLS,PLOT_OCEAN,PLOT_OCEAN,PLOT_OCEAN,PLOT_OCEAN,PLOT_OCEAN,PLOT_OCEAN,PLOT_OCEAN
PLOT_OCEAN,PLOT_PEAK,PLOT_OCEAN,PLOT_HILLS,PLOT_OCEAN,PLOT_OCEAN,PLOT_PEAK,PLOT_PEAK,PLOT_HILLS,PLOT_HILLS,PLOT_HILLS,PLOT_LAND,PLOT_LAND,PLOT_LAND,PLOT_LAND,PLOT_LAND,PLOT_LAND,PLOT_LAND,PLOT_LAND,PLOT_LAND,PLOT_LAND,PLOT_LAND,PLOT_LAND,PLOT_OCEAN,PLOT_OCEAN,PLOT_OCEAN,PLOT_OCEAN,PLOT_OCEAN,PLOT_OCEAN,PLOT_LAND,PLOT_LAND,PLOT_HILLS,PLOT_LAND,PLOT_OCEAN,PLOT_HILLS,PLOT_OCEAN,PLOT_OCEAN,PLOT_OCEAN,PLOT_OCEAN,PLOT_OCEAN,PLOT_OCEAN,PLOT_OCEAN,PLOT_OCEAN,PLOT_OCEAN,PLOT_OCEAN,PLOT_OCEAN,PLOT_OCEAN,PLOT_OCEAN,PLOT_OCEAN,PLOT_OCEAN,PLOT_OCEAN,PLOT_OCEAN,PLOT_OCEAN,PLOT_OCEAN,PLOT_OCEAN,PLOT_OCEAN,PLOT_PEAK,PLOT_LAND,PLOT_OCEAN,PLOT_OCEAN,PLOT_OCEAN,PLOT_OCEAN,PLOT_OCEAN,PLOT_OCEAN,PLOT_OCEAN,PLOT_OCEAN,PLOT_OCEAN,PLOT_LAND,PLOT_OCEAN,PLOT_OCEAN,PLOT_LAND,PLOT_HILLS,PLOT_HILLS,PLOT_OCEAN,PLOT_HILLS,PLOT_OCEAN,PLOT_OCEAN,PLOT_LAND,PLOT_LAND,PLOT_LAND,PLOT_LAND,PLOT_LAND,PLOT_LAND,PLOT_LAND,PLOT_HILLS,PLOT_LAND,PLOT_LAND,PLOT_LAND,PLOT_LAND,PLOT_LAND,PLOT_LAND,PLOT_LAND,PLOT_LAND,PLOT_LAND,PLOT_HILLS,PLOT_HILLS,PLOT_PEAK,PLOT_LAND,PLOT_LAND,PLOT_LAND,PLOT_LAND,PLOT_LAND,PLOT_LAND,PLOT_LAND,PLOT_LAND,PLOT_LAND,PLOT_LAND,PLOT_LAND,PLOT_LAND,PLOT_LAND,PLOT_LAND,PLOT_LAND,PLOT_LAND,PLOT_LAND,PLOT_LAND,PLOT_LAND,PLOT_LAND,PLOT_LAND,PLOT_LAND,PLOT_HILLS,PLOT_LAND,PLOT_LAND,PLOT_LAND,PLOT_LAND,PLOT_HILLS,PLOT_HILLS,PLOT_PEAK,PLOT_PEAK,PLOT_PEAK,PLOT_HILLS,PLOT_PEAK,PLOT_HILLS,PLOT_LAND,PLOT_PEAK,PLOT_HILLS,PLOT_OCEAN,PLOT_OCEAN,PLOT_OCEAN,PLOT_OCEAN,PLOT_OCEAN,PLOT_OCEAN,PLOT_LAND,PLOT_HILLS,PLOT_OCEAN,PLOT_OCEAN,PLOT_OCEAN,PLOT_OCEAN,PLOT_OCEAN,PLOT_OCEAN,PLOT_OCEAN
PLOT_HILLS,PLOT_OCEAN,PLOT_OCEAN,PLOT_OCEAN,PLOT_OCEAN,PLOT_OCEAN,PLOT_PEAK,PLOT_HILLS,PLOT_PEAK,PLOT_PEAK,PLOT_LAND,PLOT_LAND,PLOT_LAND,PLOT_HILLS,PLOT_LAND,PLOT_OCEAN,PLOT_OCEAN,PLOT_LAND,PLOT_LAND,PLOT_LAND,PLOT_LAND,PLOT_LAND,PLOT_LAND,PLOT_OCEAN,PLOT_OCEAN,PLOT_OCEAN,PLOT_OCEAN,PLOT_OCEAN,PLOT_OCEAN,PLOT_OCEAN,PLOT_LAND,PLOT_LAND,PLOT_LAND,PLOT_LAND,PLOT_HILLS,PLOT_LAND,PLOT_OCEAN,PLOT_OCEAN,PLOT_OCEAN,PLOT_OCEAN,PLOT_OCEAN,PLOT_OCEAN,PLOT_OCEAN,PLOT_OCEAN,PLOT_OCEAN,PLOT_OCEAN,PLOT_OCEAN,PLOT_OCEAN,PLOT_OCEAN,PLOT_OCEAN,PLOT_OCEAN,PLOT_OCEAN,PLOT_OCEAN,PLOT_OCEAN,PLOT_OCEAN,PLOT_OCEAN,PLOT_LAND,PLOT_HILLS,PLOT_OCEAN,PLOT_OCEAN,PLOT_OCEAN,PLOT_OCEAN,PLOT_OCEAN,PLOT_OCEAN,PLOT_OCEAN,PLOT_OCEAN,PLOT_LAND,PLOT_LAND,PLOT_OCEAN,PLOT_OCEAN,PLOT_LAND,PLOT_LAND,PLOT_OCEAN,PLOT_OCEAN,PLOT_OCEAN,PLOT_OCEAN,PLOT_OCEAN,PLOT_OCEAN,PLOT_LAND,PLOT_LAND,PLOT_OCEAN,PLOT_LAND,PLOT_LAND,PLOT_LAND,PLOT_HILLS,PLOT_LAND,PLOT_LAND,PLOT_LAND,PLOT_LAND,PLOT_LAND,PLOT_LAND,PLOT_LAND,PLOT_LAND,PLOT_HILLS,PLOT_HILLS,PLOT_HILLS,PLOT_PEAK,PLOT_LAND,PLOT_LAND,PLOT_LAND,PLOT_LAND,PLOT_LAND,PLOT_LAND,PLOT_LAND,PLOT_LAND,PLOT_LAND,PLOT_LAND,PLOT_LAND,PLOT_LAND,PLOT_LAND,PLOT_LAND,PLOT_LAND,PLOT_LAND,PLOT_LAND,PLOT_LAND,PLOT_LAND,PLOT_LAND,PLOT_LAND,PLOT_LAND,PLOT_LAND,PLOT_PEAK,PLOT_HILLS,PLOT_HILLS,PLOT_PEAK,PLOT_HILLS,PLOT_PEAK,PLOT_HILLS,PLOT_PEAK,PLOT_LAND,PLOT_PEAK,PLOT_HILLS,PLOT_PEAK,PLOT_PEAK,PLOT_HILLS,PLOT_OCEAN,PLOT_OCEAN,PLOT_OCEAN,PLOT_OCEAN,PLOT_OCEAN,PLOT_OCEAN,PLOT_OCEAN,PLOT_LAND,PLOT_PEAK,PLOT_HILLS,PLOT_OCEAN,PLOT_OCEAN,PLOT_OCEAN,PLOT_OCEAN,PLOT_OCEAN,PLOT_PEAK
PLOT_OCEAN,PLOT_OCEAN,PLOT_OCEAN,PLOT_OCEAN,PLOT_OCEAN,PLOT_OCEAN,PLOT_OCEAN,PLOT_PEAK,PLOT_HILLS,PLOT_PEAK,PLOT_HILLS,PLOT_PEAK,PLOT_LAND,PLOT_LAND,PLOT_HILLS,PLOT_LAND,PLOT_LAND,PLOT_LAND,PLOT_OCEAN,PLOT_LAND,PLOT_LAND,PLOT_LAND,PLOT_LAND,PLOT_LAND,PLOT_OCEAN,PLOT_OCEAN,PLOT_OCEAN,PLOT_OCEAN,PLOT_OCEAN,PLOT_OCEAN,PLOT_LAND,PLOT_LAND,PLOT_LAND,PLOT_HILLS,PLOT_LAND,PLOT_LAND,PLOT_LAND,PLOT_OCEAN,PLOT_OCEAN,PLOT_OCEAN,PLOT_OCEAN,PLOT_OCEAN,PLOT_OCEAN,PLOT_OCEAN,PLOT_OCEAN,PLOT_OCEAN,PLOT_OCEAN,PLOT_OCEAN,PLOT_OCEAN,PLOT_OCEAN,PLOT_OCEAN,PLOT_OCEAN,PLOT_OCEAN,PLOT_HILLS,PLOT_LAND,PLOT_OCEAN,PLOT_OCEAN,PLOT_HILLS,PLOT_LAND,PLOT_OCEAN,PLOT_OCEAN,PLOT_OCEAN,PLOT_OCEAN,PLOT_OCEAN,PLOT_OCEAN,PLOT_OCEAN,PLOT_LAND,PLOT_OCEAN,PLOT_LAND,PLOT_OCEAN,PLOT_OCEAN,PLOT_OCEAN,PLOT_OCEAN,PLOT_OCEAN,PLOT_OCEAN,PLOT_OCEAN,PLOT_LAND,PLOT_LAND,PLOT_LAND,PLOT_LAND,PLOT_LAND,PLOT_LAND,PLOT_LAND,PLOT_HILLS,PLOT_HILLS,PLOT_LAND,PLOT_LAND,PLOT_LAND,PLOT_LAND,PLOT_LAND,PLOT_LAND,PLOT_LAND,PLOT_LAND,PLOT_LAND,PLOT_HILLS,PLOT_LAND,PLOT_HILLS,PLOT_LAND,PLOT_LAND,PLOT_LAND,PLOT_LAND,PLOT_LAND,PLOT_LAND,PLOT_LAND,PLOT_LAND,PLOT_LAND,PLOT_LAND,PLOT_LAND,PLOT_LAND,PLOT_LAND,PLOT_LAND,PLOT_LAND,PLOT_LAND,PLOT_LAND,PLOT_LAND,PLOT_LAND,PLOT_LAND,PLOT_LAND,PLOT_HILLS,PLOT_PEAK,PLOT_OCEAN,PLOT_PEAK,PLOT_HILLS,PLOT_PEAK,PLOT_PEAK,PLOT_HILLS,PLOT_LAND,PLOT_HILLS,PLOT_LAND,PLOT_LAND,PLOT_LAND,PLOT_HILLS,PLOT_LAND,PLOT_OCEAN,PLOT_OCEAN,PLOT_OCEAN,PLOT_OCEAN,PLOT_LAND,PLOT_OCEAN,PLOT_OCEAN,PLOT_OCEAN,PLOT_LAND,PLOT_HILLS,PLOT_PEAK,PLOT_OCEAN,PLOT_OCEAN,PLOT_OCEAN,PLOT_OCEAN,PLOT_OCEAN,PLOT_OCEAN
PLOT_OCEAN,PLOT_OCEAN,PLOT_OCEAN,PLOT_OCEAN,PLOT_OCEAN,PLOT_OCEAN,PLOT_OCEAN,PLOT_PEAK,PLOT_HILLS,PLOT_HILLS,PLOT_PEAK,PLOT_LAND,PLOT_HILLS,PLOT_HILLS,PLOT_LAND,PLOT_LAND,PLOT_LAND,PLOT_HILLS,PLOT_LAND,PLOT_LAND,PLOT_LAND,PLOT_LAND,PLOT_LAND,PLOT_LAND,PLOT_LAND,PLOT_LAND,PLOT_OCEAN,PLOT_OCEAN,PLOT_OCEAN,PLOT_OCEAN,PLOT_LAND,PLOT_LAND,PLOT_HILLS,PLOT_HILLS,PLOT_OCEAN,PLOT_LAND,PLOT_HILLS,PLOT_LAND,PLOT_OCEAN,PLOT_OCEAN,PLOT_OCEAN,PLOT_OCEAN,PLOT_OCEAN,PLOT_OCEAN,PLOT_OCEAN,PLOT_OCEAN,PLOT_OCEAN,PLOT_OCEAN,PLOT_OCEAN,PLOT_OCEAN,PLOT_OCEAN,PLOT_OCEAN,PLOT_HILLS,PLOT_LAND,PLOT_LAND,PLOT_OCEAN,PLOT_OCEAN,PLOT_LAND,PLOT_LAND,PLOT_OCEAN,PLOT_OCEAN,PLOT_OCEAN,PLOT_OCEAN,PLOT_OCEAN,PLOT_OCEAN,PLOT_OCEAN,PLOT_LAND,PLOT_OCEAN,PLOT_OCEAN,PLOT_OCEAN,PLOT_OCEAN,PLOT_OCEAN,PLOT_OCEAN,PLOT_LAND,PLOT_OCEAN,PLOT_OCEAN,PLOT_LAND,PLOT_LAND,PLOT_LAND,PLOT_LAND,PLOT_LAND,PLOT_LAND,PLOT_HILLS,PLOT_HILLS,PLOT_HILLS,PLOT_LAND,PLOT_LAND,PLOT_LAND,PLOT_LAND,PLOT_LAND,PLOT_LAND,PLOT_HILLS,PLOT_LAND,PLOT_LAND,PLOT_LAND,PLOT_HILLS,PLOT_HILLS,PLOT_LAND,PLOT_LAND,PLOT_LAND,PLOT_LAND,PLOT_LAND,PLOT_LAND,PLOT_LAND,PLOT_LAND,PLOT_LAND,PLOT_LAND,PLOT_LAND,PLOT_LAND,PLOT_LAND,PLOT_LAND,PLOT_HILLS,PLOT_LAND,PLOT_LAND,PLOT_HILLS,PLOT_PEAK,PLOT_LAND,PLOT_LAND,PLOT_LAND,PLOT_HILLS,PLOT_OCEAN,PLOT_HILLS,PLOT_PEAK,PLOT_LAND,PLOT_LAND,PLOT_LAND,PLOT_LAND,PLOT_LAND,PLOT_LAND,PLOT_LAND,PLOT_LAND,PLOT_LAND,PLOT_PEAK,PLOT_LAND,PLOT_LAND,PLOT_LAND,PLOT_OCEAN,PLOT_HILLS,PLOT_OCEAN,PLOT_OCEAN,PLOT_OCEAN,PLOT_LAND,PLOT_PEAK,PLOT_OCEAN,PLOT_OCEAN,PLOT_OCEAN,PLOT_OCEAN,PLOT_OCEAN,PLOT_OCEAN,PLOT_OCEAN
PLOT_OCEAN,PLOT_OCEAN,PLOT_OCEAN,PLOT_OCEAN,PLOT_OCEAN,PLOT_OCEAN,PLOT_OCEAN,PLOT_HILLS,PLOT_PEAK,PLOT_HILLS,PLOT_HILLS,PLOT_PEAK,PLOT_LAND,PLOT_LAND,PLOT_LAND,PLOT_HILLS,PLOT_HILLS,PLOT_LAND,PLOT_LAND,PLOT_LAND,PLOT_OCEAN,PLOT_LAND,PLOT_LAND,PLOT_LAND,PLOT_LAND,PLOT_LAND,PLOT_LAND,PLOT_LAND,PLOT_OCEAN,PLOT_LAND,PLOT_LAND,PLOT_OCEAN,PLOT_HILLS,PLOT_HILLS,PLOT_LAND,PLOT_HILLS,PLOT_LAND,PLOT_LAND,PLOT_OCEAN,PLOT_OCEAN,PLOT_OCEAN,PLOT_OCEAN,PLOT_OCEAN,PLOT_OCEAN,PLOT_OCEAN,PLOT_OCEAN,PLOT_OCEAN,PLOT_OCEAN,PLOT_OCEAN,PLOT_OCEAN,PLOT_OCEAN,PLOT_OCEAN,PLOT_OCEAN,PLOT_HILLS,PLOT_LAND,PLOT_OCEAN,PLOT_HILLS,PLOT_LAND,PLOT_LAND,PLOT_LAND,PLOT_OCEAN,PLOT_OCEAN,PLOT_OCEAN,PLOT_LAND,PLOT_LAND,PLOT_LAND,PLOT_LAND,PLOT_LAND,PLOT_LAND,PLOT_LAND,PLOT_LAND,PLOT_LAND,PLOT_LAND,PLOT_LAND,PLOT_LAND,PLOT_LAND,PLOT_LAND,PLOT_LAND,PLOT_LAND,PLOT_LAND,PLOT_HILLS,PLOT_LAND,PLOT_LAND,PLOT_HILLS,PLOT_HILLS,PLOT_HILLS,PLOT_LAND,PLOT_LAND,PLOT_LAND,PLOT_LAND,PLOT_HILLS,PLOT_HILLS,PLOT_LAND,PLOT_LAND,PLOT_LAND,PLOT_LAND,PLOT_HILLS,PLOT_HILLS,PLOT_LAND,PLOT_LAND,PLOT_LAND,PLOT_LAND,PLOT_LAND,PLOT_LAND,PLOT_LAND,PLOT_LAND,PLOT_LAND,PLOT_LAND,PLOT_LAND,PLOT_LAND,PLOT_LAND,PLOT_LAND,PLOT_HILLS,PLOT_LAND,PLOT_HILLS,PLOT_HILLS,PLOT_HILLS,PLOT_LAND,PLOT_LAND,PLOT_OCEAN,PLOT_OCEAN,PLOT_LAND,PLOT_HILLS,PLOT_LAND,PLOT_LAND,PLOT_LAND,PLOT_LAND,PLOT_LAND,PLOT_LAND,PLOT_LAND,PLOT_LAND,PLOT_LAND,PLOT_HILLS,PLOT_LAND,PLOT_HILLS,PLOT_LAND,PLOT_OCEAN,PLOT_HILLS,PLOT_LAND,PLOT_OCEAN,PLOT_OCEAN,PLOT_OCEAN,PLOT_LAND,PLOT_OCEAN,PLOT_OCEAN,PLOT_OCEAN,PLOT_OCEAN,PLOT_OCEAN,PLOT_OCEAN,PLOT_OCEAN
PLOT_OCEAN,PLOT_OCEAN,PLOT_OCEAN,PLOT_OCEAN,PLOT_OCEAN,PLOT_OCEAN,PLOT_OCEAN,PLOT_OCEAN,PLOT_PEAK,PLOT_HILLS,PLOT_PEAK,PLOT_HILLS,PLOT_LAND,PLOT_LAND,PLOT_LAND,PLOT_LAND,PLOT_LAND,PLOT_LAND,PLOT_HILLS,PLOT_HILLS,PLOT_OCEAN,PLOT_LAND,PLOT_LAND,PLOT_LAND,PLOT_LAND,PLOT_LAND,PLOT_LAND,PLOT_LAND,PLOT_OCEAN,PLOT_LAND,PLOT_LAND,PLOT_HILLS,PLOT_HILLS,PLOT_LAND,PLOT_LAND,PLOT_LAND,PLOT_LAND,PLOT_OCEAN,PLOT_HILLS,PLOT_OCEAN,PLOT_OCEAN,PLOT_OCEAN,PLOT_OCEAN,PLOT_OCEAN,PLOT_OCEAN,PLOT_OCEAN,PLOT_OCEAN,PLOT_OCEAN,PLOT_OCEAN,PLOT_OCEAN,PLOT_OCEAN,PLOT_OCEAN,PLOT_HILLS,PLOT_LAND,PLOT_OCEAN,PLOT_OCEAN,PLOT_HILLS,PLOT_LAND,PLOT_LAND,PLOT_LAND,PLOT_OCEAN,PLOT_OCEAN,PLOT_LAND,PLOT_LAND,PLOT_LAND,PLOT_LAND,PLOT_LAND,PLOT_LAND,PLOT_LAND,PLOT_LAND,PLOT_LAND,PLOT_LAND,PLOT_LAND,PLOT_LAND,PLOT_LAND,PLOT_LAND,PLOT_LAND,PLOT_LAND,PLOT_LAND,PLOT_LAND,PLOT_LAND,PLOT_LAND,PLOT_LAND,PLOT_LAND,PLOT_HILLS,PLOT_HILLS,PLOT_LAND,PLOT_LAND,PLOT_LAND,PLOT_HILLS,PLOT_HILLS,PLOT_HILLS,PLOT_HILLS,PLOT_LAND,PLOT_HILLS,PLOT_HILLS,PLOT_PEAK,PLOT_HILLS,PLOT_LAND,PLOT_LAND,PLOT_LAND,PLOT_LAND,PLOT_LAND,PLOT_LAND,PLOT_LAND,PLOT_LAND,PLOT_LAND,PLOT_LAND,PLOT_LAND,PLOT_LAND,PLOT_LAND,PLOT_LAND,PLOT_HILLS,PLOT_PEAK,PLOT_HILLS,PLOT_HILLS,PLOT_PEAK,PLOT_HILLS,PLOT_OCEAN,PLOT_OCEAN,PLOT_LAND,PLOT_HILLS,PLOT_LAND,PLOT_LAND,PLOT_LAND,PLOT_LAND,PLOT_LAND,PLOT_HILLS,PLOT_LAND,PLOT_LAND,PLOT_LAND,PLOT_LAND,PLOT_HILLS,PLOT_LAND,PLOT_LAND,PLOT_HILLS,PLOT_OCEAN,PLOT_LAND,PLOT_OCEAN,PLOT_OCEAN,PLOT_OCEAN,PLOT_OCEAN,PLOT_OCEAN,PLOT_OCEAN,PLOT_OCEAN,PLOT_OCEAN,PLOT_OCEAN,PLOT_OCEAN,PLOT_OCEAN,PLOT_OCEAN
PLOT_OCEAN,PLOT_OCEAN,PLOT_OCEAN,PLOT_OCEAN,PLOT_OCEAN,PLOT_OCEAN,PLOT_HILLS,PLOT_OCEAN,PLOT_HILLS,PLOT_PEAK,PLOT_HILLS,PLOT_PEAK,PLOT_PEAK,PLOT_LAND,PLOT_LAND,PLOT_LAND,PLOT_LAND,PLOT_LAND,PLOT_LAND,PLOT_LAND,PLOT_LAND,PLOT_LAND,PLOT_LAND,PLOT_LAND,PLOT_LAND,PLOT_LAND,PLOT_LAND,PLOT_LAND,PLOT_LAND,PLOT_LAND,PLOT_LAND,PLOT_HILLS,PLOT_HILLS,PLOT_HILLS,PLOT_OCEAN,PLOT_OCEAN,PLOT_OCEAN,PLOT_OCEAN,PLOT_LAND,PLOT_LAND,PLOT_OCEAN,PLOT_OCEAN,PLOT_OCEAN,PLOT_OCEAN,PLOT_OCEAN,PLOT_OCEAN,PLOT_OCEAN,PLOT_OCEAN,PLOT_OCEAN,PLOT_OCEAN,PLOT_OCEAN,PLOT_OCEAN,PLOT_OCEAN,PLOT_OCEAN,PLOT_OCEAN,PLOT_OCEAN,PLOT_LAND,PLOT_LAND,PLOT_LAND,PLOT_OCEAN,PLOT_OCEAN,PLOT_LAND,PLOT_LAND,PLOT_LAND,PLOT_LAND,PLOT_LAND,PLOT_LAND,PLOT_LAND,PLOT_LAND,PLOT_LAND,PLOT_LAND,PLOT_LAND,PLOT_LAND,PLOT_LAND,PLOT_LAND,PLOT_LAND,PLOT_LAND,PLOT_LAND,PLOT_LAND,PLOT_LAND,PLOT_LAND,PLOT_LAND,PLOT_LAND,PLOT_LAND,PLOT_HILLS,PLOT_HILLS,PLOT_LAND,PLOT_LAND,PLOT_LAND,PLOT_LAND,PLOT_HILLS,PLOT_LAND,PLOT_HILLS,PLOT_LAND,PLOT_HILLS,PLOT_HILLS,PLOT_PEAK,PLOT_HILLS,PLOT_HILLS,PLOT_LAND,PLOT_LAND,PLOT_LAND,PLOT_LAND,PLOT_LAND,PLOT_HILLS,PLOT_LAND,PLOT_LAND,PLOT_LAND,PLOT_LAND,PLOT_HILLS,PLOT_PEAK,PLOT_HILLS,PLOT_PEAK,PLOT_OCEAN,PLOT_LAND,PLOT_PEAK,PLOT_OCEAN,PLOT_LAND,PLOT_HILLS,PLOT_HILLS,PLOT_LAND,PLOT_HILLS,PLOT_PEAK,PLOT_LAND,PLOT_LAND,PLOT_OCEAN,PLOT_LAND,PLOT_HILLS,PLOT_LAND,PLOT_LAND,PLOT_LAND,PLOT_LAND,PLOT_LAND,PLOT_LAND,PLOT_LAND,PLOT_PEAK,PLOT_OCEAN,PLOT_OCEAN,PLOT_OCEAN,PLOT_OCEAN,PLOT_OCEAN,PLOT_OCEAN,PLOT_OCEAN,PLOT_OCEAN,PLOT_OCEAN,PLOT_OCEAN,PLOT_OCEAN,PLOT_OCEAN,PLOT_OCEAN,PLOT_OCEAN
PLOT_OCEAN,PLOT_OCEAN,PLOT_OCEAN,PLOT_OCEAN,PLOT_OCEAN,PLOT_OCEAN,PLOT_OCEAN,PLOT_HILLS,PLOT_OCEAN,PLOT_HILLS,PLOT_HILLS,PLOT_HILLS,PLOT_PEAK,PLOT_LAND,PLOT_HILLS,PLOT_LAND,PLOT_LAND,PLOT_LAND,PLOT_HILLS,PLOT_LAND,PLOT_LAND,PLOT_LAND,PLOT_HILLS,PLOT_OCEAN,PLOT_HILLS,PLOT_HILLS,PLOT_LAND,PLOT_LAND,PLOT_HILLS,PLOT_HILLS,PLOT_HILLS,PLOT_HILLS,PLOT_HILLS,PLOT_LAND,PLOT_HILLS,PLOT_HILLS,PLOT_OCEAN,PLOT_OCEAN,PLOT_HILLS,PLOT_LAND,PLOT_LAND,PLOT_OCEAN,PLOT_OCEAN,PLOT_OCEAN,PLOT_OCEAN,PLOT_OCEAN,PLOT_OCEAN,PLOT_OCEAN,PLOT_OCEAN,PLOT_OCEAN,PLOT_OCEAN,PLOT_OCEAN,PLOT_OCEAN,PLOT_OCEAN,PLOT_OCEAN,PLOT_LAND,PLOT_OCEAN,PLOT_OCEAN,PLOT_OCEAN,PLOT_OCEAN,PLOT_LAND,PLOT_LAND,PLOT_LAND,PLOT_LAND,PLOT_LAND,PLOT_LAND,PLOT_LAND,PLOT_LAND,PLOT_LAND,PLOT_LAND,PLOT_LAND,PLOT_HILLS,PLOT_HILLS,PLOT_HILLS,PLOT_LAND,PLOT_LAND,PLOT_LAND,PLOT_LAND,PLOT_LAND,PLOT_HILLS,PLOT_HILLS,PLOT_LAND,PLOT_LAND,PLOT_LAND,PLOT_HILLS,PLOT_HILLS,PLOT_LAND,PLOT_LAND,PLOT_LAND,PLOT_LAND,PLOT_HILLS,PLOT_LAND,PLOT_LAND,PLOT_LAND,PLOT_LAND,PLOT_HILLS,PLOT_HILLS,PLOT_HILLS,PLOT_LAND,PLOT_LAND,PLOT_LAND,PLOT_OCEAN,PLOT_LAND,PLOT_HILLS,PLOT_PEAK,PLOT_HILLS,PLOT_LAND,PLOT_LAND,PLOT_LAND,PLOT_OCEAN,PLOT_LAND,PLOT_PEAK,PLOT_HILLS,PLOT_HILLS,PLOT_LAND,PLOT_PEAK,PLOT_PEAK,PLOT_LAND,PLOT_LAND,PLOT_LAND,PLOT_HILLS,PLOT_PEAK,PLOT_LAND,PLOT_LAND,PLOT_LAND,PLOT_LAND,PLOT_LAND,PLOT_PEAK,PLOT_LAND,PLOT_LAND,PLOT_LAND,PLOT_LAND,PLOT_LAND,PLOT_LAND,PLOT_LAND,PLOT_PEAK,PLOT_OCEAN,PLOT_LAND,PLOT_PEAK,PLOT_OCEAN,PLOT_LAND,PLOT_OCEAN,PLOT_OCEAN,PLOT_OCEAN,PLOT_OCEAN,PLOT_OCEAN,PLOT_OCEAN,PLOT_OCEAN,PLOT_OCEAN,PLOT_OCEAN
PLOT_OCEAN,PLOT_OCEAN,PLOT_OCEAN,PLOT_OCEAN,PLOT_OCEAN,PLOT_OCEAN,PLOT_OCEAN,PLOT_OCEAN,PLOT_OCEAN,PLOT_HILLS,PLOT_PEAK,PLOT_PEAK,PLOT_HILLS,PLOT_PEAK,PLOT_LAND,PLOT_HILLS,PLOT_LAND,PLOT_LAND,PLOT_LAND,PLOT_LAND,PLOT_LAND,PLOT_LAND,PLOT_OCEAN,PLOT_OCEAN,PLOT_OCEAN,PLOT_LAND,PLOT_LAND,PLOT_HILLS,PLOT_LAND,PLOT_LAND,PLOT_LAND,PLOT_LAND,PLOT_LAND,PLOT_LAND,PLOT_HILLS,PLOT_HILLS,PLOT_OCEAN,PLOT_OCEAN,PLOT_OCEAN,PLOT_OCEAN,PLOT_OCEAN,PLOT_OCEAN,PLOT_OCEAN,PLOT_OCEAN,PLOT_OCEAN,PLOT_OCEAN,PLOT_OCEAN,PLOT_OCEAN,PLOT_OCEAN,PLOT_OCEAN,PLOT_OCEAN,PLOT_OCEAN,PLOT_OCEAN,PLOT_OCEAN,PLOT_OCEAN,PLOT_OCEAN,PLOT_OCEAN,PLOT_OCEAN,PLOT_LAND,PLOT_LAND,PLOT_LAND,PLOT_LAND,PLOT_LAND,PLOT_HILLS,PLOT_LAND,PLOT_LAND,PLOT_LAND,PLOT_HILLS,PLOT_HILLS,PLOT_LAND,PLOT_LAND,PLOT_HILLS,PLOT_LAND,PLOT_LAND,PLOT_HILLS,PLOT_HILLS,PLOT_LAND,PLOT_HILLS,PLOT_HILLS,PLOT_HILLS,PLOT_HILLS,PLOT_LAND,PLOT_LAND,PLOT_LAND,PLOT_LAND,PLOT_LAND,PLOT_LAND,PLOT_HILLS,PLOT_HILLS,PLOT_LAND,PLOT_LAND,PLOT_LAND,PLOT_LAND,PLOT_LAND,PLOT_LAND,PLOT_LAND,PLOT_HILLS,PLOT_LAND,PLOT_LAND,PLOT_LAND,PLOT_LAND,PLOT_HILLS,PLOT_HILLS,PLOT_LAND,PLOT_LAND,PLOT_LAND,PLOT_LAND,PLOT_LAND,PLOT_HILLS,PLOT_PEAK,PLOT_HILLS,PLOT_HILLS,PLOT_PEAK,PLOT_PEAK,PLOT_HILLS,PLOT_LAND,PLOT_HILLS,PLOT_PEAK,PLOT_HILLS,PLOT_LAND,PLOT_LAND,PLOT_LAND,PLOT_LAND,PLOT_LAND,PLOT_LAND,PLOT_LAND,PLOT_LAND,PLOT_HILLS,PLOT_LAND,PLOT_LAND,PLOT_LAND,PLOT_LAND,PLOT_LAND,PLOT_OCEAN,PLOT_HILLS,PLOT_OCEAN,PLOT_OCEAN,PLOT_OCEAN,PLOT_HILLS,PLOT_HILLS,PLOT_OCEAN,PLOT_OCEAN,PLOT_OCEAN,PLOT_OCEAN,PLOT_OCEAN,PLOT_OCEAN,PLOT_OCEAN,PLOT_OCEAN,PLOT_OCEAN,PLOT_OCEAN
PLOT_OCEAN,PLOT_OCEAN,PLOT_OCEAN,PLOT_OCEAN,PLOT_OCEAN,PLOT_OCEAN,PLOT_OCEAN,PLOT_OCEAN,PLOT_HILLS,PLOT_HILLS,PLOT_HILLS,PLOT_PEAK,PLOT_HILLS,PLOT_PEAK,PLOT_HILLS,PLOT_LAND,PLOT_LAND,PLOT_LAND,PLOT_LAND,PLOT_LAND,PLOT_LAND,PLOT_LAND,PLOT_LAND,PLOT_LAND,PLOT_HILLS,PLOT_OCEAN,PLOT_OCEAN,PLOT_LAND,PLOT_LAND,PLOT_LAND,PLOT_LAND,PLOT_HILLS,PLOT_HILLS,PLOT_HILLS,PLOT_LAND,PLOT_OCEAN,PLOT_LAND,PLOT_HILLS,PLOT_OCEAN,PLOT_OCEAN,PLOT_OCEAN,PLOT_OCEAN,PLOT_OCEAN,PLOT_OCEAN,PLOT_OCEAN,PLOT_OCEAN,PLOT_OCEAN,PLOT_OCEAN,PLOT_OCEAN,PLOT_OCEAN,PLOT_OCEAN,PLOT_OCEAN,PLOT_OCEAN,PLOT_OCEAN,PLOT_OCEAN,PLOT_OCEAN,PLOT_LAND,PLOT_LAND,PLOT_LAND,PLOT_LAND,PLOT_LAND,PLOT_LAND,PLOT_LAND,PLOT_LAND,PLOT_LAND,PLOT_LAND,PLOT_LAND,PLOT_LAND,PLOT_HILLS,PLOT_LAND,PLOT_HILLS,PLOT_LAND,PLOT_LAND,PLOT_PEAK,PLOT_HILLS,PLOT_PEAK,PLOT_PEAK,PLOT_PEAK,PLOT_HILLS,PLOT_HILLS,PLOT_LAND,PLOT_LAND,PLOT_LAND,PLOT_LAND,PLOT_LAND,PLOT_LAND,PLOT_LAND,PLOT_LAND,PLOT_LAND,PLOT_LAND,PLOT_LAND,PLOT_LAND,PLOT_LAND,PLOT_LAND,PLOT_LAND,PLOT_LAND,PLOT_LAND,PLOT_LAND,PLOT_LAND,PLOT_LAND,PLOT_LAND,PLOT_LAND,PLOT_LAND,PLOT_LAND,PLOT_OCEAN,PLOT_OCEAN,PLOT_OCEAN,PLOT_LAND,PLOT_OCEAN,PLOT_LAND,PLOT_LAND,PLOT_LAND,PLOT_LAND,PLOT_LAND,PLOT_PEAK,PLOT_PEAK,PLOT_LAND,PLOT_LAND,PLOT_LAND,PLOT_LAND,PLOT_LAND,PLOT_LAND,PLOT_LAND,PLOT_LAND,PLOT_LAND,PLOT_HILLS,PLOT_HILLS,PLOT_LAND,PLOT_LAND,PLOT_LAND,PLOT_LAND,PLOT_HILLS,PLOT_LAND,PLOT_HILLS,PLOT_LAND,PLOT_OCEAN,PLOT_OCEAN,PLOT_OCEAN,PLOT_HILLS,PLOT_OCEAN,PLOT_OCEAN,PLOT_OCEAN,PLOT_OCEAN,PLOT_OCEAN,PLOT_OCEAN,PLOT_OCEAN,PLOT_OCEAN,PLOT_OCEAN,PLOT_OCEAN,PLOT_OCEAN
PLOT_OCEAN,PLOT_OCEAN,PLOT_OCEAN,PLOT_OCEAN,PLOT_OCEAN,PLOT_OCEAN,PLOT_OCEAN,PLOT_OCEAN,PLOT_LAND,PLOT_PEAK,PLOT_LAND,PLOT_HILLS,PLOT_PEAK,PLOT_HILLS,PLOT_HILLS,PLOT_LAND,PLOT_LAND,PLOT_LAND,PLOT_LAND,PLOT_HILLS,PLOT_LAND,PLOT_LAND,PLOT_LAND,PLOT_OCEAN,PLOT_LAND,PLOT_OCEAN,PLOT_LAND,PLOT_LAND,PLOT_OCEAN,PLOT_OCEAN,PLOT_HILLS,PLOT_HILLS,PLOT_LAND,PLOT_LAND,PLOT_OCEAN,PLOT_OCEAN,PLOT_LAND,PLOT_OCEAN,PLOT_OCEAN,PLOT_OCEAN,PLOT_OCEAN,PLOT_OCEAN,PLOT_OCEAN,PLOT_OCEAN,PLOT_OCEAN,PLOT_OCEAN,PLOT_OCEAN,PLOT_OCEAN,PLOT_OCEAN,PLOT_OCEAN,PLOT_OCEAN,PLOT_OCEAN,PLOT_OCEAN,PLOT_OCEAN,PLOT_OCEAN,PLOT_OCEAN,PLOT_OCEAN,PLOT_OCEAN,PLOT_LAND,PLOT_LAND,PLOT_LAND,PLOT_LAND,PLOT_LAND,PLOT_LAND,PLOT_HILLS,PLOT_HILLS,PLOT_HILLS,PLOT_LAND,PLOT_LAND,PLOT_HILLS,PLOT_HILLS,PLOT_LAND,PLOT_LAND,PLOT_LAND,PLOT_LAND,PLOT_LAND,PLOT_LAND,PLOT_HILLS,PLOT_PEAK,PLOT_LAND,PLOT_LAND,PLOT_OCEAN,PLOT_OCEAN,PLOT_LAND,PLOT_OCEAN,PLOT_OCEAN,PLOT_LAND,PLOT_LAND,PLOT_LAND,PLOT_LAND,PLOT_LAND,PLOT_LAND,PLOT_OCEAN,PLOT_OCEAN,PLOT_LAND,PLOT_HILLS,PLOT_OCEAN,PLOT_OCEAN,PLOT_LAND,PLOT_LAND,PLOT_LAND,PLOT_LAND,PLOT_LAND,PLOT_LAND,PLOT_OCEAN,PLOT_LAND,PLOT_LAND,PLOT_LAND,PLOT_HILLS,PLOT_PEAK,PLOT_LAND,PLOT_LAND,PLOT_PEAK,PLOT_HILLS,PLOT_LAND,PLOT_LAND,PLOT_HILLS,PLOT_HILLS,PLOT_LAND,PLOT_LAND,PLOT_LAND,PLOT_LAND,PLOT_LAND,PLOT_LAND,PLOT_HILLS,PLOT_LAND,PLOT_LAND,PLOT_LAND,PLOT_LAND,PLOT_LAND,PLOT_LAND,PLOT_HILLS,PLOT_HILLS,PLOT_OCEAN,PLOT_OCEAN,PLOT_OCEAN,PLOT_OCEAN,PLOT_OCEAN,PLOT_OCEAN,PLOT_HILLS,PLOT_OCEAN,PLOT_OCEAN,PLOT_OCEAN,PLOT_OCEAN,PLOT_OCEAN,PLOT_OCEAN,PLOT_OCEAN,PLOT_OCEAN,PLOT_OCEAN,PLOT_OCEAN
PLOT_OCEAN,PLOT_OCEAN,PLOT_OCEAN,PLOT_OCEAN,PLOT_OCEAN,PLOT_OCEAN,PLOT_OCEAN,PLOT_OCEAN,PLOT_LAND,PLOT_HILLS,PLOT_HILLS,PLOT_PEAK,PLOT_PEAK,PLOT_PEAK,PLOT_HILLS,PLOT_LAND,PLOT_HILLS,PLOT_HILLS,PLOT_HILLS,PLOT_LAND,PLOT_LAND,PLOT_LAND,PLOT_LAND,PLOT_OCEAN,PLOT_LAND,PLOT_LAND,PLOT_OCEAN,PLOT_OCEAN,PLOT_LAND,PLOT_LAND,PLOT_LAND,PLOT_HILLS,PLOT_LAND,PLOT_OCEAN,PLOT_OCEAN,PLOT_OCEAN,PLOT_OCEAN,PLOT_OCEAN,PLOT_OCEAN,PLOT_OCEAN,PLOT_OCEAN,PLOT_OCEAN,PLOT_OCEAN,PLOT_OCEAN,PLOT_OCEAN,PLOT_OCEAN,PLOT_OCEAN,PLOT_OCEAN,PLOT_OCEAN,PLOT_OCEAN,PLOT_OCEAN,PLOT_OCEAN,PLOT_OCEAN,PLOT_OCEAN,PLOT_OCEAN,PLOT_OCEAN,PLOT_OCEAN,PLOT_OCEAN,PLOT_OCEAN,PLOT_LAND,PLOT_LAND,PLOT_LAND,PLOT_LAND,PLOT_LAND,PLOT_HILLS,PLOT_PEAK,PLOT_PEAK,PLOT_PEAK,PLOT_PEAK,PLOT_PEAK,PLOT_HILLS,PLOT_LAND,PLOT_LAND,PLOT_LAND,PLOT_LAND,PLOT_HILLS,PLOT_HILLS,PLOT_PEAK,PLOT_LAND,PLOT_LAND,PLOT_OCEAN,PLOT_OCEAN,PLOT_OCEAN,PLOT_LAND,PLOT_HILLS,PLOT_OCEAN,PLOT_HILLS,PLOT_HILLS,PLOT_LAND,PLOT_LAND,PLOT_LAND,PLOT_OCEAN,PLOT_OCEAN,PLOT_OCEAN,PLOT_LAND,PLOT_LAND,PLOT_OCEAN,PLOT_OCEAN,PLOT_LAND,PLOT_LAND,PLOT_LAND,PLOT_LAND,PLOT_LAND,PLOT_LAND,PLOT_LAND,PLOT_HILLS,PLOT_HILLS,PLOT_PEAK,PLOT_PEAK,PLOT_HILLS,PLOT_PEAK,PLOT_PEAK,PLOT_LAND,PLOT_LAND,PLOT_LAND,PLOT_LAND,PLOT_LAND,PLOT_LAND,PLOT_LAND,PLOT_LAND,PLOT_HILLS,PLOT_LAND,PLOT_LAND,PLOT_HILLS,PLOT_HILLS,PLOT_HILLS,PLOT_LAND,PLOT_LAND,PLOT_LAND,PLOT_LAND,PLOT_HILLS,PLOT_PEAK,PLOT_HILLS,PLOT_OCEAN,PLOT_OCEAN,PLOT_OCEAN,PLOT_OCEAN,PLOT_OCEAN,PLOT_OCEAN,PLOT_LAND,PLOT_HILLS,PLOT_OCEAN,PLOT_OCEAN,PLOT_OCEAN,PLOT_OCEAN,PLOT_OCEAN,PLOT_OCEAN,PLOT_OCEAN,PLOT_OCEAN,PLOT_OCEAN
PLOT_OCEAN,PLOT_OCEAN,PLOT_OCEAN,PLOT_OCEAN,PLOT_OCEAN,PLOT_OCEAN,PLOT_OCEAN,PLOT_HILLS,PLOT_HILLS,PLOT_PEAK,PLOT_HILLS,PLOT_LAND,PLOT_HILLS,PLOT_HILLS,PLOT_PEAK,PLOT_HILLS,PLOT_LAND,PLOT_LAND,PLOT_LAND,PLOT_LAND,PLOT_LAND,PLOT_LAND,PLOT_LAND,PLOT_LAND,PLOT_LAND,PLOT_LAND,PLOT_LAND,PLOT_LAND,PLOT_HILLS,PLOT_LAND,PLOT_HILLS,PLOT_LAND,PLOT_LAND,PLOT_OCEAN,PLOT_OCEAN,PLOT_OCEAN,PLOT_OCEAN,PLOT_OCEAN,PLOT_OCEAN,PLOT_OCEAN,PLOT_OCEAN,PLOT_OCEAN,PLOT_OCEAN,PLOT_OCEAN,PLOT_OCEAN,PLOT_OCEAN,PLOT_OCEAN,PLOT_OCEAN,PLOT_OCEAN,PLOT_OCEAN,PLOT_OCEAN,PLOT_OCEAN,PLOT_OCEAN,PLOT_OCEAN,PLOT_OCEAN,PLOT_OCEAN,PLOT_OCEAN,PLOT_OCEAN,PLOT_OCEAN,PLOT_LAND,PLOT_LAND,PLOT_HILLS,PLOT_HILLS,PLOT_LAND,PLOT_PEAK,PLOT_LAND,PLOT_LAND,PLOT_LAND,PLOT_LAND,PLOT_LAND,PLOT_HILLS,PLOT_HILLS,PLOT_LAND,PLOT_LAND,PLOT_LAND,PLOT_PEAK,PLOT_LAND,PLOT_LAND,PLOT_LAND,PLOT_OCEAN,PLOT_OCEAN,PLOT_OCEAN,PLOT_OCEAN,PLOT_OCEAN,PLOT_OCEAN,PLOT_OCEAN,PLOT_OCEAN,PLOT_PEAK,PLOT_PEAK,PLOT_HILLS,PLOT_HILLS,PLOT_OCEAN,PLOT_OCEAN,PLOT_HILLS,PLOT_LAND,PLOT_LAND,PLOT_LAND,PLOT_LAND,PLOT_LAND,PLOT_HILLS,PLOT_LAND,PLOT_LAND,PLOT_HILLS,PLOT_PEAK,PLOT_HILLS,PLOT_OCEAN,PLOT_PEAK,PLOT_PEAK,PLOT_PEAK,PLOT_PEAK,PLOT_PEAK,PLOT_LAND,PLOT_HILLS,PLOT_LAND,PLOT_LAND,PLOT_HILLS,PLOT_LAND,PLOT_LAND,PLOT_LAND,PLOT_HILLS,PLOT_LAND,PLOT_HILLS,PLOT_HILLS,PLOT_HILLS,PLOT_LAND,PLOT_LAND,PLOT_LAND,PLOT_LAND,PLOT_LAND,PLOT_LAND,PLOT_HILLS,PLOT_HILLS,PLOT_OCEAN,PLOT_OCEAN,PLOT_OCEAN,PLOT_OCEAN,PLOT_OCEAN,PLOT_OCEAN,PLOT_OCEAN,PLOT_LAND,PLOT_LAND,PLOT_OCEAN,PLOT_OCEAN,PLOT_OCEAN,PLOT_OCEAN,PLOT_OCEAN,PLOT_OCEAN,PLOT_OCEAN,PLOT_OCEAN,PLOT_OCEAN
PLOT_OCEAN,PLOT_OCEAN,PLOT_OCEAN,PLOT_OCEAN,PLOT_OCEAN,PLOT_OCEAN,PLOT_OCEAN,PLOT_HILLS,PLOT_PEAK,PLOT_HILLS,PLOT_HILLS,PLOT_HILLS,PLOT_OCEAN,PLOT_PEAK,PLOT_HILLS,PLOT_PEAK,PLOT_HILLS,PLOT_LAND,PLOT_LAND,PLOT_LAND,PLOT_LAND,PLOT_LAND,PLOT_LAND,PLOT_LAND,PLOT_LAND,PLOT_LAND,PLOT_LAND,PLOT_LAND,PLOT_HILLS,PLOT_LAND,PLOT_LAND,PLOT_LAND,PLOT_OCEAN,PLOT_OCEAN,PLOT_OCEAN,PLOT_OCEAN,PLOT_OCEAN,PLOT_OCEAN,PLOT_OCEAN,PLOT_OCEAN,PLOT_OCEAN,PLOT_OCEAN,PLOT_OCEAN,PLOT_OCEAN,PLOT_OCEAN,PLOT_OCEAN,PLOT_OCEAN,PLOT_OCEAN,PLOT_OCEAN,PLOT_OCEAN,PLOT_OCEAN,PLOT_OCEAN,PLOT_OCEAN,PLOT_OCEAN,PLOT_OCEAN,PLOT_OCEAN,PLOT_OCEAN,PLOT_OCEAN,PLOT_OCEAN,PLOT_LAND,PLOT_LAND,PLOT_LAND,PLOT_HILLS,PLOT_LAND,PLOT_HILLS,PLOT_LAND,PLOT_HILLS,PLOT_HILLS,PLOT_LAND,PLOT_LAND,PLOT_OCEAN,PLOT_HILLS,PLOT_PEAK,PLOT_HILLS,PLOT_LAND,PLOT_LAND,PLOT_HILLS,PLOT_HILLS,PLOT_LAND,PLOT_OCEAN,PLOT_OCEAN,PLOT_OCEAN,PLOT_OCEAN,PLOT_OCEAN,PLOT_OCEAN,PLOT_OCEAN,PLOT_OCEAN,PLOT_OCEAN,PLOT_LAND,PLOT_PEAK,PLOT_HILLS,PLOT_OCEAN,PLOT_OCEAN,PLOT_OCEAN,PLOT_LAND,PLOT_LAND,PLOT_LAND,PLOT_LAND,PLOT_LAND,PLOT_HILLS,PLOT_LAND,PLOT_LAND,PLOT_PEAK,PLOT_HILLS,PLOT_PEAK,PLOT_PEAK,PLOT_PEAK,PLOT_LAND,PLOT_LAND,PLOT_LAND,PLOT_LAND,PLOT_LAND,PLOT_LAND,PLOT_LAND,PLOT_LAND,PLOT_HILLS,PLOT_LAND,PLOT_LAND,PLOT_LAND,PLOT_LAND,PLOT_LAND,PLOT_HILLS,PLOT_LAND,PLOT_LAND,PLOT_LAND,PLOT_LAND,PLOT_LAND,PLOT_OCEAN,PLOT_LAND,PLOT_OCEAN,PLOT_LAND,PLOT_HILLS,PLOT_OCEAN,PLOT_OCEAN,PLOT_OCEAN,PLOT_OCEAN,PLOT_OCEAN,PLOT_OCEAN,PLOT_OCEAN,PLOT_HILLS,PLOT_HILLS,PLOT_OCEAN,PLOT_OCEAN,PLOT_OCEAN,PLOT_OCEAN,PLOT_OCEAN,PLOT_OCEAN,PLOT_OCEAN,PLOT_OCEAN,PLOT_OCEAN
PLOT_OCEAN,PLOT_OCEAN,PLOT_OCEAN,PLOT_OCEAN,PLOT_OCEAN,PLOT_OCEAN,PLOT_OCEAN,PLOT_HILLS,PLOT_LAND,PLOT_PEAK,PLOT_HILLS,PLOT_LAND,PLOT_HILLS,PLOT_HILLS,PLOT_HILLS,PLOT_PEAK,PLOT_HILLS,PLOT_HILLS,PLOT_LAND,PLOT_LAND,PLOT_LAND,PLOT_LAND,PLOT_LAND,PLOT_LAND,PLOT_LAND,PLOT_LAND,PLOT_LAND,PLOT_HILLS,PLOT_HILLS,PLOT_LAND,PLOT_LAND,PLOT_OCEAN,PLOT_OCEAN,PLOT_OCEAN,PLOT_OCEAN,PLOT_OCEAN,PLOT_OCEAN,PLOT_OCEAN,PLOT_OCEAN,PLOT_OCEAN,PLOT_OCEAN,PLOT_OCEAN,PLOT_OCEAN,PLOT_OCEAN,PLOT_OCEAN,PLOT_OCEAN,PLOT_OCEAN,PLOT_OCEAN,PLOT_OCEAN,PLOT_OCEAN,PLOT_OCEAN,PLOT_OCEAN,PLOT_OCEAN,PLOT_OCEAN,PLOT_OCEAN,PLOT_OCEAN,PLOT_OCEAN,PLOT_OCEAN,PLOT_OCEAN,PLOT_LAND,PLOT_LAND,PLOT_LAND,PLOT_LAND,PLOT_LAND,PLOT_LAND,PLOT_OCEAN,PLOT_OCEAN,PLOT_LAND,PLOT_HILLS,PLOT_LAND,PLOT_OCEAN,PLOT_OCEAN,PLOT_HILLS,PLOT_PEAK,PLOT_HILLS,PLOT_HILLS,PLOT_HILLS,PLOT_HILLS,PLOT_LAND,PLOT_LAND,PLOT_OCEAN,PLOT_OCEAN,PLOT_HILLS,PLOT_HILLS,PLOT_LAND,PLOT_OCEAN,PLOT_OCEAN,PLOT_OCEAN,PLOT_HILLS,PLOT_HILLS,PLOT_PEAK,PLOT_LAND,PLOT_OCEAN,PLOT_OCEAN,PLOT_OCEAN,PLOT_LAND,PLOT_LAND,PLOT_LAND,PLOT_LAND,PLOT_LAND,PLOT_HILLS,PLOT_LAND,PLOT_LAND,PLOT_HILLS,PLOT_HILLS,PLOT_LAND,PLOT_LAND,PLOT_LAND,PLOT_LAND,PLOT_LAND,PLOT_LAND,PLOT_LAND,PLOT_OCEAN,PLOT_HILLS,PLOT_PEAK,PLOT_PEAK,PLOT_PEAK,PLOT_HILLS,PLOT_LAND,PLOT_LAND,PLOT_PEAK,PLOT_LAND,PLOT_LAND,PLOT_HILLS,PLOT_LAND,PLOT_LAND,PLOT_OCEAN,PLOT_OCEAN,PLOT_OCEAN,PLOT_OCEAN,PLOT_LAND,PLOT_LAND,PLOT_HILLS,PLOT_OCEAN,PLOT_OCEAN,PLOT_OCEAN,PLOT_OCEAN,PLOT_OCEAN,PLOT_HILLS,PLOT_HILLS,PLOT_LAND,PLOT_OCEAN,PLOT_OCEAN,PLOT_OCEAN,PLOT_OCEAN,PLOT_OCEAN,PLOT_OCEAN,PLOT_OCEAN,PLOT_OCEAN,PLOT_OCEAN
PLOT_OCEAN,PLOT_OCEAN,PLOT_OCEAN,PLOT_OCEAN,PLOT_OCEAN,PLOT_OCEAN,PLOT_OCEAN,PLOT_LAND,PLOT_LAND,PLOT_PEAK,PLOT_HILLS,PLOT_LAND,PLOT_PEAK,PLOT_LAND,PLOT_PEAK,PLOT_PEAK,PLOT_HILLS,PLOT_LAND,PLOT_LAND,PLOT_LAND,PLOT_LAND,PLOT_LAND,PLOT_LAND,PLOT_LAND,PLOT_LAND,PLOT_LAND,PLOT_HILLS,PLOT_PEAK,PLOT_LAND,PLOT_LAND,PLOT_OCEAN,PLOT_OCEAN,PLOT_OCEAN,PLOT_OCEAN,PLOT_OCEAN,PLOT_OCEAN,PLOT_OCEAN,PLOT_OCEAN,PLOT_OCEAN,PLOT_OCEAN,PLOT_OCEAN,PLOT_OCEAN,PLOT_OCEAN,PLOT_OCEAN,PLOT_OCEAN,PLOT_OCEAN,PLOT_OCEAN,PLOT_OCEAN,PLOT_OCEAN,PLOT_OCEAN,PLOT_OCEAN,PLOT_OCEAN,PLOT_OCEAN,PLOT_OCEAN,PLOT_LAND,PLOT_HILLS,PLOT_HILLS,PLOT_HILLS,PLOT_LAND,PLOT_PEAK,PLOT_PEAK,PLOT_PEAK,PLOT_LAND,PLOT_OCEAN,PLOT_OCEAN,PLOT_OCEAN,PLOT_OCEAN,PLOT_LAND,PLOT_HILLS,PLOT_HILLS,PLOT_OCEAN,PLOT_OCEAN,PLOT_OCEAN,PLOT_LAND,PLOT_HILLS,PLOT_LAND,PLOT_LAND,PLOT_LAND,PLOT_OCEAN,PLOT_OCEAN,PLOT_LAND,PLOT_HILLS,PLOT_HILLS,PLOT_HILLS,PLOT_LAND,PLOT_PEAK,PLOT_HILLS,PLOT_HILLS,PLOT_PEAK,PLOT_HILLS,PLOT_HILLS,PLOT_LAND,PLOT_OCEAN,PLOT_OCEAN,PLOT_HILLS,PLOT_LAND,PLOT_LAND,PLOT_LAND,PLOT_LAND,PLOT_LAND,PLOT_LAND,PLOT_PEAK,PLOT_PEAK,PLOT_PEAK,PLOT_PEAK,PLOT_LAND,PLOT_LAND,PLOT_LAND,PLOT_LAND,PLOT_LAND,PLOT_LAND,PLOT_PEAK,PLOT_PEAK,PLOT_HILLS,PLOT_HILLS,PLOT_PEAK,PLOT_PEAK,PLOT_PEAK,PLOT_HILLS,PLOT_HILLS,PLOT_HILLS,PLOT_HILLS,PLOT_HILLS,PLOT_HILLS,PLOT_LAND,PLOT_LAND,PLOT_LAND,PLOT_OCEAN,PLOT_HILLS,PLOT_OCEAN,PLOT_OCEAN,PLOT_LAND,PLOT_LAND,PLOT_HILLS,PLOT_OCEAN,PLOT_OCEAN,PLOT_OCEAN,PLOT_HILLS,PLOT_HILLS,PLOT_PEAK,PLOT_LAND,PLOT_OCEAN,PLOT_OCEAN,PLOT_OCEAN,PLOT_OCEAN,PLOT_OCEAN,PLOT_OCEAN,PLOT_OCEAN,PLOT_OCEAN,PLOT_OCEAN
PLOT_OCEAN,PLOT_OCEAN,PLOT_OCEAN,PLOT_OCEAN,PLOT_OCEAN,PLOT_OCEAN,PLOT_OCEAN,PLOT_HILLS,PLOT_LAND,PLOT_HILLS,PLOT_PEAK,PLOT_HILLS,PLOT_HILLS,PLOT_PEAK,PLOT_HILLS,PLOT_PEAK,PLOT_HILLS,PLOT_LAND,PLOT_LAND,PLOT_LAND,PLOT_HILLS,PLOT_HILLS,PLOT_LAND,PLOT_LAND,PLOT_HILLS,PLOT_HILLS,PLOT_PEAK,PLOT_HILLS,PLOT_LAND,PLOT_LAND,PLOT_OCEAN,PLOT_OCEAN,PLOT_OCEAN,PLOT_OCEAN,PLOT_OCEAN,PLOT_OCEAN,PLOT_OCEAN,PLOT_OCEAN,PLOT_OCEAN,PLOT_OCEAN,PLOT_OCEAN,PLOT_OCEAN,PLOT_OCEAN,PLOT_OCEAN,PLOT_OCEAN,PLOT_OCEAN,PLOT_OCEAN,PLOT_OCEAN,PLOT_OCEAN,PLOT_OCEAN,PLOT_OCEAN,PLOT_OCEAN,PLOT_OCEAN,PLOT_OCEAN,PLOT_LAND,PLOT_HILLS,PLOT_LAND,PLOT_LAND,PLOT_HILLS,PLOT_HILLS,PLOT_LAND,PLOT_LAND,PLOT_LAND,PLOT_OCEAN,PLOT_OCEAN,PLOT_HILLS,PLOT_OCEAN,PLOT_OCEAN,PLOT_LAND,PLOT_HILLS,PLOT_LAND,PLOT_OCEAN,PLOT_OCEAN,PLOT_OCEAN,PLOT_HILLS,PLOT_PEAK,PLOT_OCEAN,PLOT_OCEAN,PLOT_OCEAN,PLOT_LAND,PLOT_HILLS,PLOT_HILLS,PLOT_LAND,PLOT_LAND,PLOT_HILLS,PLOT_HILLS,PLOT_PEAK,PLOT_PEAK,PLOT_HILLS,PLOT_HILLS,PLOT_OCEAN,PLOT_LAND,PLOT_OCEAN,PLOT_OCEAN,PLOT_LAND,PLOT_HILLS,PLOT_LAND,PLOT_LAND,PLOT_LAND,PLOT_LAND,PLOT_LAND,PLOT_LAND,PLOT_HILLS,PLOT_PEAK,PLOT_PEAK,PLOT_HILLS,PLOT_LAND,PLOT_LAND,PLOT_LAND,PLOT_PEAK,PLOT_PEAK,PLOT_PEAK,PLOT_HILLS,PLOT_PEAK,PLOT_LAND,PLOT_LAND,PLOT_OCEAN,PLOT_HILLS,PLOT_HILLS,PLOT_PEAK,PLOT_HILLS,PLOT_LAND,PLOT_LAND,PLOT_LAND,PLOT_LAND,PLOT_HILLS,PLOT_HILLS,PLOT_LAND,PLOT_OCEAN,PLOT_OCEAN,PLOT_OCEAN,PLOT_LAND,PLOT_LAND,PLOT_LAND,PLOT_OCEAN,PLOT_HILLS,PLOT_LAND,PLOT_LAND,PLOT_LAND,PLOT_HILLS,PLOT_OCEAN,PLOT_OCEAN,PLOT_OCEAN,PLOT_OCEAN,PLOT_OCEAN,PLOT_OCEAN,PLOT_OCEAN,PLOT_OCEAN,PLOT_OCEAN,PLOT_OCEAN
PLOT_OCEAN,PLOT_OCEAN,PLOT_OCEAN,PLOT_OCEAN,PLOT_OCEAN,PLOT_OCEAN,PLOT_OCEAN,PLOT_OCEAN,PLOT_HILLS,PLOT_LAND,PLOT_LAND,PLOT_LAND,PLOT_HILLS,PLOT_HILLS,PLOT_PEAK,PLOT_HILLS,PLOT_LAND,PLOT_LAND,PLOT_LAND,PLOT_LAND,PLOT_LAND,PLOT_LAND,PLOT_LAND,PLOT_LAND,PLOT_HILLS,PLOT_HILLS,PLOT_LAND,PLOT_LAND,PLOT_LAND,PLOT_OCEAN,PLOT_OCEAN,PLOT_OCEAN,PLOT_OCEAN,PLOT_OCEAN,PLOT_OCEAN,PLOT_OCEAN,PLOT_OCEAN,PLOT_OCEAN,PLOT_OCEAN,PLOT_OCEAN,PLOT_OCEAN,PLOT_OCEAN,PLOT_OCEAN,PLOT_OCEAN,PLOT_OCEAN,PLOT_OCEAN,PLOT_OCEAN,PLOT_OCEAN,PLOT_OCEAN,PLOT_OCEAN,PLOT_OCEAN,PLOT_OCEAN,PLOT_OCEAN,PLOT_OCEAN,PLOT_LAND,PLOT_HILLS,PLOT_LAND,PLOT_HILLS,PLOT_LAND,PLOT_HILLS,PLOT_HILLS,PLOT_LAND,PLOT_OCEAN,PLOT_OCEAN,PLOT_OCEAN,PLOT_OCEAN,PLOT_HILLS,PLOT_OCEAN,PLOT_OCEAN,PLOT_LAND,PLOT_HILLS,PLOT_LAND,PLOT_LAND,PLOT_OCEAN,PLOT_HILLS,PLOT_LAND,PLOT_OCEAN,PLOT_OCEAN,PLOT_OCEAN,PLOT_LAND,PLOT_LAND,PLOT_HILLS,PLOT_LAND,PLOT_LAND,PLOT_PEAK,PLOT_PEAK,PLOT_LAND,PLOT_LAND,PLOT_OCEAN,PLOT_PEAK,PLOT_HILLS,PLOT_PEAK,PLOT_LAND,PLOT_LAND,PLOT_PEAK,PLOT_PEAK,PLOT_HILLS,PLOT_LAND,PLOT_LAND,PLOT_LAND,PLOT_HILLS,PLOT_HILLS,PLOT_PEAK,PLOT_PEAK,PLOT_HILLS,PLOT_PEAK,PLOT_PEAK,PLOT_PEAK,PLOT_PEAK,PLOT_PEAK,PLOT_PEAK,PLOT_HILLS,PLOT_PEAK,PLOT_PEAK,PLOT_PEAK,PLOT_PEAK,PLOT_HILLS,PLOT_HILLS,PLOT_PEAK,PLOT_HILLS,PLOT_PEAK,PLOT_LAND,PLOT_HILLS,PLOT_LAND,PLOT_LAND,PLOT_LAND,PLOT_LAND,PLOT_LAND,PLOT_LAND,PLOT_OCEAN,PLOT_OCEAN,PLOT_LAND,PLOT_HILLS,PLOT_OCEAN,PLOT_OCEAN,PLOT_HILLS,PLOT_OCEAN,PLOT_OCEAN,PLOT_HILLS,PLOT_OCEAN,PLOT_OCEAN,PLOT_OCEAN,PLOT_OCEAN,PLOT_OCEAN,PLOT_OCEAN,PLOT_OCEAN,PLOT_OCEAN,PLOT_OCEAN,PLOT_OCEAN,PLOT_OCEAN
PLOT_OCEAN,PLOT_OCEAN,PLOT_OCEAN,PLOT_OCEAN,PLOT_OCEAN,PLOT_OCEAN,PLOT_OCEAN,PLOT_OCEAN,PLOT_OCEAN,PLOT_HILLS,PLOT_LAND,PLOT_HILLS,PLOT_LAND,PLOT_PEAK,PLOT_PEAK,PLOT_HILLS,PLOT_LAND,PLOT_LAND,PLOT_LAND,PLOT_LAND,PLOT_LAND,PLOT_LAND,PLOT_LAND,PLOT_LAND,PLOT_LAND,PLOT_LAND,PLOT_LAND,PLOT_LAND,PLOT_OCEAN,PLOT_OCEAN,PLOT_OCEAN,PLOT_OCEAN,PLOT_OCEAN,PLOT_OCEAN,PLOT_OCEAN,PLOT_OCEAN,PLOT_OCEAN,PLOT_OCEAN,PLOT_OCEAN,PLOT_OCEAN,PLOT_OCEAN,PLOT_OCEAN,PLOT_OCEAN,PLOT_OCEAN,PLOT_OCEAN,PLOT_OCEAN,PLOT_OCEAN,PLOT_OCEAN,PLOT_OCEAN,PLOT_OCEAN,PLOT_OCEAN,PLOT_OCEAN,PLOT_OCEAN,PLOT_OCEAN,PLOT_LAND,PLOT_LAND,PLOT_HILLS,PLOT_LAND,PLOT_LAND,PLOT_HILLS,PLOT_LAND,PLOT_OCEAN,PLOT_OCEAN,PLOT_LAND,PLOT_OCEAN,PLOT_OCEAN,PLOT_LAND,PLOT_OCEAN,PLOT_OCEAN,PLOT_OCEAN,PLOT_OCEAN,PLOT_HILLS,PLOT_OCEAN,PLOT_OCEAN,PLOT_OCEAN,PLOT_HILLS,PLOT_LAND,PLOT_OCEAN,PLOT_OCEAN,PLOT_OCEAN,PLOT_HILLS,PLOT_LAND,PLOT_HILLS,PLOT_PEAK,PLOT_LAND,PLOT_LAND,PLOT_LAND,PLOT_LAND,PLOT_LAND,PLOT_HILLS,PLOT_OCEAN,PLOT_HILLS,PLOT_PEAK,PLOT_HILLS,PLOT_HILLS,PLOT_HILLS,PLOT_HILLS,PLOT_HILLS,PLOT_LAND,PLOT_HILLS,PLOT_PEAK,PLOT_PEAK,PLOT_PEAK,PLOT_HILLS,PLOT_PEAK,PLOT_HILLS,PLOT_HILLS,PLOT_PEAK,PLOT_HILLS,PLOT_PEAK,PLOT_HILLS,PLOT_PEAK,PLOT_PEAK,PLOT_PEAK,PLOT_HILLS,PLOT_HILLS,PLOT_PEAK,PLOT_PEAK,PLOT_PEAK,PLOT_HILLS,PLOT_HILLS,PLOT_LAND,PLOT_HILLS,PLOT_LAND,PLOT_LAND,PLOT_LAND,PLOT_LAND,PLOT_LAND,PLOT_LAND,PLOT_OCEAN,PLOT_OCEAN,PLOT_OCEAN,PLOT_OCEAN,PLOT_OCEAN,PLOT_HILLS,PLOT_OCEAN,PLOT_HILLS,PLOT_HILLS,PLOT_OCEAN,PLOT_OCEAN,PLOT_OCEAN,PLOT_OCEAN,PLOT_OCEAN,PLOT_OCEAN,PLOT_OCEAN,PLOT_OCEAN,PLOT_OCEAN,PLOT_OCEAN,PLOT_OCEAN,PLOT_OCEAN
PLOT_OCEAN,PLOT_OCEAN,PLOT_OCEAN,PLOT_OCEAN,PLOT_OCEAN,PLOT_OCEAN,PLOT_OCEAN,PLOT_OCEAN,PLOT_OCEAN,PLOT_OCEAN,PLOT_HILLS,PLOT_LAND,PLOT_HILLS,PLOT_LAND,PLOT_HILLS,PLOT_LAND,PLOT_HILLS,PLOT_LAND,PLOT_LAND,PLOT_LAND,PLOT_LAND,PLOT_LAND,PLOT_LAND,PLOT_LAND,PLOT_LAND,PLOT_LAND,PLOT_LAND,PLOT_OCEAN,PLOT_OCEAN,PLOT_OCEAN,PLOT_OCEAN,PLOT_OCEAN,PLOT_OCEAN,PLOT_OCEAN,PLOT_OCEAN,PLOT_OCEAN,PLOT_OCEAN,PLOT_OCEAN,PLOT_OCEAN,PLOT_OCEAN,PLOT_OCEAN,PLOT_OCEAN,PLOT_OCEAN,PLOT_OCEAN,PLOT_OCEAN,PLOT_OCEAN,PLOT_OCEAN,PLOT_OCEAN,PLOT_HILLS,PLOT_OCEAN,PLOT_OCEAN,PLOT_OCEAN,PLOT_OCEAN,PLOT_OCEAN,PLOT_LAND,PLOT_LAND,PLOT_HILLS,PLOT_LAND,PLOT_LAND,PLOT_HILLS,PLOT_HILLS,PLOT_OCEAN,PLOT_OCEAN,PLOT_OCEAN,PLOT_OCEAN,PLOT_OCEAN,PLOT_OCEAN,PLOT_OCEAN,PLOT_OCEAN,PLOT_OCEAN,PLOT_OCEAN,PLOT_HILLS,PLOT_OCEAN,PLOT_OCEAN,PLOT_HILLS,PLOT_HILLS,PLOT_OCEAN,PLOT_OCEAN,PLOT_OCEAN,PLOT_OCEAN,PLOT_OCEAN,PLOT_OCEAN,PLOT_OCEAN,PLOT_OCEAN,PLOT_OCEAN,PLOT_LAND,PLOT_LAND,PLOT_LAND,PLOT_LAND,PLOT_LAND,PLOT_HILLS,PLOT_PEAK,PLOT_HILLS,PLOT_HILLS,PLOT_LAND,PLOT_LAND,PLOT_LAND,PLOT_HILLS,PLOT_PEAK,PLOT_PEAK,PLOT_HILLS,PLOT_LAND,PLOT_HILLS,PLOT_HILLS,PLOT_PEAK,PLOT_HILLS,PLOT_PEAK,PLOT_HILLS,PLOT_HILLS,PLOT_HILLS,PLOT_HILLS,PLOT_HILLS,PLOT_HILLS,PLOT_HILLS,PLOT_PEAK,PLOT_HILLS,PLOT_PEAK,PLOT_HILLS,PLOT_PEAK,PLOT_HILLS,PLOT_HILLS,PLOT_PEAK,PLOT_HILLS,PLOT_LAND,PLOT_LAND,PLOT_HILLS,PLOT_LAND,PLOT_LAND,PLOT_OCEAN,PLOT_LAND,PLOT_OCEAN,PLOT_OCEAN,PLOT_OCEAN,PLOT_OCEAN,PLOT_LAND,PLOT_HILLS,PLOT_OCEAN,PLOT_OCEAN,PLOT_OCEAN,PLOT_OCEAN,PLOT_OCEAN,PLOT_OCEAN,PLOT_OCEAN,PLOT_OCEAN,PLOT_OCEAN,PLOT_OCEAN,PLOT_OCEAN,PLOT_OCEAN,PLOT_OCEAN,PLOT_OCEAN
PLOT_OCEAN,PLOT_OCEAN,PLOT_OCEAN,PLOT_OCEAN,PLOT_OCEAN,PLOT_OCEAN,PLOT_OCEAN,PLOT_OCEAN,PLOT_OCEAN,PLOT_OCEAN,PLOT_HILLS,PLOT_OCEAN,PLOT_LAND,PLOT_HILLS,PLOT_HILLS,PLOT_LAND,PLOT_HILLS,PLOT_LAND,PLOT_LAND,PLOT_LAND,PLOT_LAND,PLOT_LAND,PLOT_LAND,PLOT_OCEAN,PLOT_OCEAN,PLOT_OCEAN,PLOT_LAND,PLOT_OCEAN,PLOT_OCEAN,PLOT_OCEAN,PLOT_OCEAN,PLOT_OCEAN,PLOT_OCEAN,PLOT_OCEAN,PLOT_OCEAN,PLOT_OCEAN,PLOT_OCEAN,PLOT_OCEAN,PLOT_OCEAN,PLOT_OCEAN,PLOT_OCEAN,PLOT_OCEAN,PLOT_OCEAN,PLOT_OCEAN,PLOT_OCEAN,PLOT_OCEAN,PLOT_OCEAN,PLOT_OCEAN,PLOT_OCEAN,PLOT_OCEAN,PLOT_OCEAN,PLOT_OCEAN,PLOT_OCEAN,PLOT_OCEAN,PLOT_LAND,PLOT_LAND,PLOT_LAND,PLOT_LAND,PLOT_HILLS,PLOT_PEAK,PLOT_OCEAN,PLOT_OCEAN,PLOT_OCEAN,PLOT_OCEAN,PLOT_OCEAN,PLOT_OCEAN,PLOT_OCEAN,PLOT_OCEAN,PLOT_OCEAN,PLOT_LAND,PLOT_HILLS,PLOT_OCEAN,PLOT_OCEAN,PLOT_OCEAN,PLOT_OCEAN,PLOT_LAND,PLOT_OCEAN,PLOT_OCEAN,PLOT_OCEAN,PLOT_OCEAN,PLOT_OCEAN,PLOT_OCEAN,PLOT_OCEAN,PLOT_HILLS,PLOT_OCEAN,PLOT_LAND,PLOT_LAND,PLOT_LAND,PLOT_LAND,PLOT_LAND,PLOT_HILLS,PLOT_PEAK,PLOT_HILLS,PLOT_LAND,PLOT_LAND,PLOT_LAND,PLOT_LAND,PLOT_HILLS,PLOT_PEAK,PLOT_HILLS,PLOT_PEAK,PLOT_LAND,PLOT_LAND,PLOT_LAND,PLOT_HILLS,PLOT_PEAK,PLOT_PEAK,PLOT_PEAK,PLOT_PEAK,PLOT_OCEAN,PLOT_HILLS,PLOT_PEAK,PLOT_OCEAN,PLOT_HILLS,PLOT_HILLS,PLOT_HILLS,PLOT_HILLS,PLOT_PEAK,PLOT_HILLS,PLOT_LAND,PLOT_LAND,PLOT_LAND,PLOT_HILLS,PLOT_LAND,PLOT_LAND,PLOT_LAND,PLOT_HILLS,PLOT_LAND,PLOT_LAND,PLOT_OCEAN,PLOT_OCEAN,PLOT_OCEAN,PLOT_OCEAN,PLOT_OCEAN,PLOT_OCEAN,PLOT_HILLS,PLOT_OCEAN,PLOT_OCEAN,PLOT_OCEAN,PLOT_OCEAN,PLOT_OCEAN,PLOT_OCEAN,PLOT_OCEAN,PLOT_OCEAN,PLOT_OCEAN,PLOT_OCEAN,PLOT_OCEAN,PLOT_OCEAN,PLOT_OCEAN,PLOT_OCEAN
PLOT_OCEAN,PLOT_OCEAN,PLOT_OCEAN,PLOT_OCEAN,PLOT_OCEAN,PLOT_OCEAN,PLOT_OCEAN,PLOT_OCEAN,PLOT_OCEAN,PLOT_OCEAN,PLOT_HILLS,PLOT_OCEAN,PLOT_HILLS,PLOT_PEAK,PLOT_HILLS,PLOT_HILLS,PLOT_LAND,PLOT_LAND,PLOT_LAND,PLOT_LAND,PLOT_OCEAN,PLOT_OCEAN,PLOT_OCEAN,PLOT_OCEAN,PLOT_OCEAN,PLOT_OCEAN,PLOT_LAND,PLOT_LAND,PLOT_OCEAN,PLOT_OCEAN,PLOT_OCEAN,PLOT_OCEAN,PLOT_OCEAN,PLOT_OCEAN,PLOT_OCEAN,PLOT_OCEAN,PLOT_OCEAN,PLOT_OCEAN,PLOT_OCEAN,PLOT_OCEAN,PLOT_OCEAN,PLOT_OCEAN,PLOT_OCEAN,PLOT_OCEAN,PLOT_OCEAN,PLOT_OCEAN,PLOT_OCEAN,PLOT_OCEAN,PLOT_OCEAN,PLOT_OCEAN,PLOT_OCEAN,PLOT_OCEAN,PLOT_OCEAN,PLOT_OCEAN,PLOT_OCEAN,PLOT_OCEAN,PLOT_LAND,PLOT_LAND,PLOT_HILLS,PLOT_OCEAN,PLOT_OCEAN,PLOT_OCEAN,PLOT_LAND,PLOT_LAND,PLOT_HILLS,PLOT_HILLS,PLOT_LAND,PLOT_LAND,PLOT_OCEAN,PLOT_OCEAN,PLOT_LAND,PLOT_OCEAN,PLOT_OCEAN,PLOT_OCEAN,PLOT_OCEAN,PLOT_OCEAN,PLOT_OCEAN,PLOT_LAND,PLOT_LAND,PLOT_OCEAN,PLOT_OCEAN,PLOT_OCEAN,PLOT_HILLS,PLOT_OCEAN,PLOT_OCEAN,PLOT_LAND,PLOT_LAND,PLOT_LAND,PLOT_LAND,PLOT_LAND,PLOT_LAND,PLOT_HILLS,PLOT_PEAK,PLOT_HILLS,PLOT_LAND,PLOT_LAND,PLOT_HILLS,PLOT_LAND,PLOT_HILLS,PLOT_PEAK,PLOT_LAND,PLOT_LAND,PLOT_LAND,PLOT_LAND,PLOT_LAND,PLOT_HILLS,PLOT_HILLS,PLOT_PEAK,PLOT_PEAK,PLOT_PEAK,PLOT_PEAK,PLOT_HILLS,PLOT_PEAK,PLOT_HILLS,PLOT_HILLS,PLOT_PEAK,PLOT_PEAK,PLOT_HILLS,PLOT_HILLS,PLOT_LAND,PLOT_LAND,PLOT_HILLS,PLOT_HILLS,PLOT_LAND,PLOT_OCEAN,PLOT_HILLS,PLOT_OCEAN,PLOT_LAND,PLOT_HILLS,PLOT_LAND,PLOT_OCEAN,PLOT_OCEAN,PLOT_OCEAN,PLOT_OCEAN,PLOT_OCEAN,PLOT_OCEAN,PLOT_OCEAN,PLOT_OCEAN,PLOT_OCEAN,PLOT_OCEAN,PLOT_OCEAN,PLOT_OCEAN,PLOT_OCEAN,PLOT_OCEAN,PLOT_OCEAN,PLOT_OCEAN,PLOT_OCEAN,PLOT_OCEAN,PLOT_OCEAN,PLOT_OCEAN
PLOT_OCEAN,PLOT_OCEAN,PLOT_OCEAN,PLOT_OCEAN,PLOT_OCEAN,PLOT_OCEAN,PLOT_OCEAN,PLOT_OCEAN,PLOT_OCEAN,PLOT_LAND,PLOT_HILLS,PLOT_OCEAN,PLOT_LAND,PLOT_PEAK,PLOT_HILLS,PLOT_HILLS,PLOT_HILLS,PLOT_LAND,PLOT_LAND,PLOT_OCEAN,PLOT_OCEAN,PLOT_OCEAN,PLOT_OCEAN,PLOT_OCEAN,PLOT_OCEAN,PLOT_OCEAN,PLOT_OCEAN,PLOT_LAND,PLOT_OCEAN,PLOT_OCEAN,PLOT_OCEAN,PLOT_OCEAN,PLOT_OCEAN,PLOT_OCEAN,PLOT_OCEAN,PLOT_OCEAN,PLOT_OCEAN,PLOT_OCEAN,PLOT_OCEAN,PLOT_OCEAN,PLOT_OCEAN,PLOT_OCEAN,PLOT_OCEAN,PLOT_OCEAN,PLOT_OCEAN,PLOT_OCEAN,PLOT_OCEAN,PLOT_OCEAN,PLOT_OCEAN,PLOT_OCEAN,PLOT_OCEAN,PLOT_OCEAN,PLOT_OCEAN,PLOT_OCEAN,PLOT_OCEAN,PLOT_OCEAN,PLOT_OCEAN,PLOT_OCEAN,PLOT_OCEAN,PLOT_OCEAN,PLOT_LAND,PLOT_LAND,PLOT_HILLS,PLOT_HILLS,PLOT_HILLS,PLOT_PEAK,PLOT_HILLS,PLOT_LAND,PLOT_OCEAN,PLOT_OCEAN,PLOT_OCEAN,PLOT_OCEAN,PLOT_OCEAN,PLOT_OCEAN,PLOT_OCEAN,PLOT_OCEAN,PLOT_OCEAN,PLOT_OCEAN,PLOT_OCEAN,PLOT_OCEAN,PLOT_OCEAN,PLOT_OCEAN,PLOT_OCEAN,PLOT_OCEAN,PLOT_LAND,PLOT_HILLS,PLOT_HILLS,PLOT_LAND,PLOT_LAND,PLOT_LAND,PLOT_LAND,PLOT_LAND,PLOT_HILLS,PLOT_HILLS,PLOT_HILLS,PLOT_LAND,PLOT_HILLS,PLOT_LAND,PLOT_LAND,PLOT_PEAK,PLOT_LAND,PLOT_LAND,PLOT_LAND,PLOT_LAND,PLOT_LAND,PLOT_LAND,PLOT_LAND,PLOT_HILLS,PLOT_HILLS,PLOT_PEAK,PLOT_PEAK,PLOT_PEAK,PLOT_HILLS,PLOT_HILLS,PLOT_PEAK,PLOT_HILLS,PLOT_PEAK,PLOT_HILLS,PLOT_PEAK,PLOT_PEAK,PLOT_HILLS,PLOT_HILLS,PLOT_HILLS,PLOT_HILLS,PLOT_LAND,PLOT_LAND,PLOT_LAND,PLOT_LAND,PLOT_LAND,PLOT_HILLS,PLOT_OCEAN,PLOT_OCEAN,PLOT_OCEAN,PLOT_OCEAN,PLOT_OCEAN,PLOT_OCEAN,PLOT_OCEAN,PLOT_OCEAN,PLOT_OCEAN,PLOT_OCEAN,PLOT_OCEAN,PLOT_OCEAN,PLOT_OCEAN,PLOT_OCEAN,PLOT_OCEAN,PLOT_OCEAN,PLOT_OCEAN,PLOT_OCEAN,PLOT_OCEAN,PLOT_OCEAN
PLOT_OCEAN,PLOT_OCEAN,PLOT_OCEAN,PLOT_OCEAN,PLOT_OCEAN,PLOT_OCEAN,PLOT_OCEAN,PLOT_OCEAN,PLOT_OCEAN,PLOT_OCEAN,PLOT_HILLS,PLOT_OCEAN,PLOT_OCEAN,PLOT_LAND,PLOT_PEAK,PLOT_HILLS,PLOT_HILLS,PLOT_HILLS,PLOT_LAND,PLOT_OCEAN,PLOT_OCEAN,PLOT_OCEAN,PLOT_OCEAN,PLOT_OCEAN,PLOT_OCEAN,PLOT_OCEAN,PLOT_OCEAN,PLOT_OCEAN,PLOT_OCEAN,PLOT_LAND,PLOT_OCEAN,PLOT_OCEAN,PLOT_OCEAN,PLOT_OCEAN,PLOT_OCEAN,PLOT_OCEAN,PLOT_OCEAN,PLOT_OCEAN,PLOT_OCEAN,PLOT_OCEAN,PLOT_OCEAN,PLOT_OCEAN,PLOT_OCEAN,PLOT_OCEAN,PLOT_OCEAN,PLOT_OCEAN,PLOT_OCEAN,PLOT_OCEAN,PLOT_OCEAN,PLOT_OCEAN,PLOT_OCEAN,PLOT_OCEAN,PLOT_OCEAN,PLOT_OCEAN,PLOT_OCEAN,PLOT_OCEAN,PLOT_OCEAN,PLOT_LAND,PLOT_PEAK,PLOT_LAND,PLOT_HILLS,PLOT_HILLS,PLOT_PEAK,PLOT_LAND,PLOT_LAND,PLOT_LAND,PLOT_LAND,PLOT_LAND,PLOT_OCEAN,PLOT_OCEAN,PLOT_OCEAN,PLOT_OCEAN,PLOT_OCEAN,PLOT_OCEAN,PLOT_OCEAN,PLOT_OCEAN,PLOT_OCEAN,PLOT_OCEAN,PLOT_OCEAN,PLOT_OCEAN,PLOT_OCEAN,PLOT_OCEAN,PLOT_OCEAN,PLOT_OCEAN,PLOT_LAND,PLOT_HILLS,PLOT_LAND,PLOT_LAND,PLOT_LAND,PLOT_LAND,PLOT_LAND,PLOT_LAND,PLOT_LAND,PLOT_PEAK,PLOT_HILLS,PLOT_HILLS,PLOT_LAND,PLOT_LAND,PLOT_HILLS,PLOT_HILLS,PLOT_LAND,PLOT_LAND,PLOT_LAND,PLOT_LAND,PLOT_LAND,PLOT_LAND,PLOT_LAND,PLOT_LAND,PLOT_LAND,PLOT_HILLS,PLOT_HILLS,PLOT_PEAK,PLOT_PEAK,PLOT_PEAK,PLOT_PEAK,PLOT_HILLS,PLOT_HILLS,PLOT_PEAK,PLOT_HILLS,PLOT_HILLS,PLOT_HILLS,PLOT_PEAK,PLOT_LAND,PLOT_LAND,PLOT_LAND,PLOT_LAND,PLOT_HILLS,PLOT_HILLS,PLOT_HILLS,PLOT_OCEAN,PLOT_OCEAN,PLOT_OCEAN,PLOT_OCEAN,PLOT_OCEAN,PLOT_LAND,PLOT_OCEAN,PLOT_OCEAN,PLOT_OCEAN,PLOT_OCEAN,PLOT_OCEAN,PLOT_OCEAN,PLOT_OCEAN,PLOT_OCEAN,PLOT_OCEAN,PLOT_OCEAN,PLOT_OCEAN,PLOT_OCEAN,PLOT_OCEAN,PLOT_OCEAN,PLOT_OCEAN
PLOT_OCEAN,PLOT_OCEAN,PLOT_OCEAN,PLOT_OCEAN,PLOT_OCEAN,PLOT_OCEAN,PLOT_OCEAN,PLOT_OCEAN,PLOT_OCEAN,PLOT_OCEAN,PLOT_HILLS,PLOT_OCEAN,PLOT_OCEAN,PLOT_LAND,PLOT_PEAK,PLOT_HILLS,PLOT_HILLS,PLOT_HILLS,PLOT_LAND,PLOT_OCEAN,PLOT_OCEAN,PLOT_OCEAN,PLOT_OCEAN,PLOT_OCEAN,PLOT_OCEAN,PLOT_LAND,PLOT_LAND,PLOT_HILLS,PLOT_OCEAN,PLOT_OCEAN,PLOT_OCEAN,PLOT_LAND,PLOT_OCEAN,PLOT_OCEAN,PLOT_OCEAN,PLOT_OCEAN,PLOT_OCEAN,PLOT_OCEAN,PLOT_OCEAN,PLOT_OCEAN,PLOT_OCEAN,PLOT_OCEAN,PLOT_OCEAN,PLOT_OCEAN,PLOT_OCEAN,PLOT_OCEAN,PLOT_OCEAN,PLOT_OCEAN,PLOT_OCEAN,PLOT_OCEAN,PLOT_OCEAN,PLOT_OCEAN,PLOT_OCEAN,PLOT_OCEAN,PLOT_OCEAN,PLOT_OCEAN,PLOT_OCEAN,PLOT_LAND,PLOT_HILLS,PLOT_HILLS,PLOT_PEAK,PLOT_HILLS,PLOT_LAND,PLOT_LAND,PLOT_LAND,PLOT_LAND,PLOT_LAND,PLOT_LAND,PLOT_LAND,PLOT_LAND,PLOT_LAND,PLOT_OCEAN,PLOT_OCEAN,PLOT_OCEAN,PLOT_LAND,PLOT_HILLS,PLOT_OCEAN,PLOT_OCEAN,PLOT_LAND,PLOT_LAND,PLOT_OCEAN,PLOT_OCEAN,PLOT_OCEAN,PLOT_LAND,PLOT_LAND,PLOT_LAND,PLOT_LAND,PLOT_LAND,PLOT_LAND,PLOT_LAND,PLOT_LAND,PLOT_LAND,PLOT_LAND,PLOT_HILLS,PLOT_HILLS,PLOT_PEAK,PLOT_PEAK,PLOT_LAND,PLOT_PEAK,PLOT_LAND,PLOT_LAND,PLOT_LAND,PLOT_LAND,PLOT_LAND,PLOT_HILLS,PLOT_LAND,PLOT_LAND,PLOT_LAND,PLOT_LAND,PLOT_LAND,PLOT_LAND,PLOT_LAND,PLOT_LAND,PLOT_LAND,PLOT_LAND,PLOT_LAND,PLOT_PEAK,PLOT_LAND,PLOT_HILLS,PLOT_PEAK,PLOT_HILLS,PLOT_HILLS,PLOT_LAND,PLOT_HILLS,PLOT_LAND,PLOT_HILLS,PLOT_LAND,PLOT_HILLS,PLOT_HILLS,PLOT_OCEAN,PLOT_OCEAN,PLOT_LAND,PLOT_OCEAN,PLOT_OCEAN,PLOT_OCEAN,PLOT_OCEAN,PLOT_OCEAN,PLOT_OCEAN,PLOT_OCEAN,PLOT_OCEAN,PLOT_OCEAN,PLOT_OCEAN,PLOT_OCEAN,PLOT_OCEAN,PLOT_OCEAN,PLOT_OCEAN,PLOT_OCEAN,PLOT_OCEAN,PLOT_OCEAN,PLOT_OCEAN
PLOT_OCEAN,PLOT_OCEAN,PLOT_OCEAN,PLOT_OCEAN,PLOT_OCEAN,PLOT_OCEAN,PLOT_OCEAN,PLOT_OCEAN,PLOT_OCEAN,PLOT_OCEAN,PLOT_OCEAN,PLOT_OCEAN,PLOT_OCEAN,PLOT_OCEAN,PLOT_HILLS,PLOT_HILLS,PLOT_HILLS,PLOT_HILLS,PLOT_LAND,PLOT_OCEAN,PLOT_OCEAN,PLOT_OCEAN,PLOT_LAND,PLOT_LAND,PLOT_OCEAN,PLOT_OCEAN,PLOT_OCEAN,PLOT_OCEAN,PLOT_LAND,PLOT_HILLS,PLOT_OCEAN,PLOT_OCEAN,PLOT_OCEAN,PLOT_OCEAN,PLOT_OCEAN,PLOT_OCEAN,PLOT_OCEAN,PLOT_OCEAN,PLOT_OCEAN,PLOT_OCEAN,PLOT_OCEAN,PLOT_OCEAN,PLOT_OCEAN,PLOT_OCEAN,PLOT_OCEAN,PLOT_OCEAN,PLOT_OCEAN,PLOT_OCEAN,PLOT_OCEAN,PLOT_OCEAN,PLOT_OCEAN,PLOT_OCEAN,PLOT_LAND,PLOT_OCEAN,PLOT_OCEAN,PLOT_OCEAN,PLOT_LAND,PLOT_HILLS,PLOT_HILLS,PLOT_PEAK,PLOT_HILLS,PLOT_LAND,PLOT_LAND,PLOT_LAND,PLOT_LAND,PLOT_LAND,PLOT_HILLS,PLOT_HILLS,PLOT_LAND,PLOT_LAND,PLOT_LAND,PLOT_LAND,PLOT_OCEAN,PLOT_OCEAN,PLOT_LAND,PLOT_LAND,PLOT_LAND,PLOT_LAND,PLOT_LAND,PLOT_LAND,PLOT_LAND,PLOT_LAND,PLOT_LAND,PLOT_LAND,PLOT_LAND,PLOT_LAND,PLOT_LAND,PLOT_LAND,PLOT_LAND,PLOT_LAND,PLOT_LAND,PLOT_OCEAN,PLOT_OCEAN,PLOT_LAND,PLOT_HILLS,PLOT_HILLS,PLOT_HILLS,PLOT_HILLS,PLOT_PEAK,PLOT_LAND,PLOT_LAND,PLOT_LAND,PLOT_LAND,PLOT_HILLS,PLOT_LAND,PLOT_LAND,PLOT_LAND,PLOT_LAND,PLOT_LAND,PLOT_LAND,PLOT_LAND,PLOT_LAND,PLOT_LAND,PLOT_LAND,PLOT_LAND,PLOT_HILLS,PLOT_PEAK,PLOT_LAND,PLOT_HILLS,PLOT_HILLS,PLOT_PEAK,PLOT_LAND,PLOT_LAND,PLOT_LAND,PLOT_HILLS,PLOT_LAND,PLOT_HILLS,PLOT_LAND,PLOT_OCEAN,PLOT_OCEAN,PLOT_LAND,PLOT_HILLS,PLOT_OCEAN,PLOT_OCEAN,PLOT_OCEAN,PLOT_OCEAN,PLOT_OCEAN,PLOT_OCEAN,PLOT_OCEAN,PLOT_OCEAN,PLOT_OCEAN,PLOT_OCEAN,PLOT_OCEAN,PLOT_OCEAN,PLOT_OCEAN,PLOT_OCEAN,PLOT_OCEAN,PLOT_OCEAN,PLOT_OCEAN,PLOT_OCEAN
PLOT_HILLS,PLOT_OCEAN,PLOT_OCEAN,PLOT_OCEAN,PLOT_OCEAN,PLOT_OCEAN,PLOT_OCEAN,PLOT_OCEAN,PLOT_OCEAN,PLOT_OCEAN,PLOT_OCEAN,PLOT_OCEAN,PLOT_OCEAN,PLOT_OCEAN,PLOT_HILLS,PLOT_PEAK,PLOT_HILLS,PLOT_LAND,PLOT_HILLS,PLOT_LAND,PLOT_OCEAN,PLOT_OCEAN,PLOT_LAND,PLOT_LAND,PLOT_OCEAN,PLOT_OCEAN,PLOT_OCEAN,PLOT_OCEAN,PLOT_OCEAN,PLOT_OCEAN,PLOT_OCEAN,PLOT_HILLS,PLOT_HILLS,PLOT_OCEAN,PLOT_OCEAN,PLOT_OCEAN,PLOT_OCEAN,PLOT_OCEAN,PLOT_OCEAN,PLOT_OCEAN,PLOT_OCEAN,PLOT_OCEAN,PLOT_OCEAN,PLOT_OCEAN,PLOT_OCEAN,PLOT_OCEAN,PLOT_OCEAN,PLOT_OCEAN,PLOT_OCEAN,PLOT_OCEAN,PLOT_OCEAN,PLOT_OCEAN,PLOT_OCEAN,PLOT_OCEAN,PLOT_OCEAN,PLOT_OCEAN,PLOT_HILLS,PLOT_PEAK,PLOT_PEAK,PLOT_HILLS,PLOT_LAND,PLOT_LAND,PLOT_LAND,PLOT_LAND,PLOT_LAND,PLOT_LAND,PLOT_LAND,PLOT_LAND,PLOT_HILLS,PLOT_LAND,PLOT_LAND,PLOT_LAND,PLOT_LAND,PLOT_LAND,PLOT_LAND,PLOT_LAND,PLOT_LAND,PLOT_LAND,PLOT_LAND,PLOT_LAND,PLOT_LAND,PLOT_HILLS,PLOT_OCEAN,PLOT_PEAK,PLOT_HILLS,PLOT_LAND,PLOT_LAND,PLOT_LAND,PLOT_LAND,PLOT_LAND,PLOT_LAND,PLOT_OCEAN,PLOT_OCEAN,PLOT_OCEAN,PLOT_LAND,PLOT_OCEAN,PLOT_HILLS,PLOT_HILLS,PLOT_HILLS,PLOT_LAND,PLOT_LAND,PLOT_LAND,PLOT_LAND,PLOT_HILLS,PLOT_LAND,PLOT_LAND,PLOT_LAND,PLOT_LAND,PLOT_LAND,PLOT_HILLS,PLOT_HILLS,PLOT_LAND,PLOT_LAND,PLOT_LAND,PLOT_LAND,PLOT_PEAK,PLOT_HILLS,PLOT_LAND,PLOT_HILLS,PLOT_HILLS,PLOT_HILLS,PLOT_LAND,PLOT_LAND,PLOT_HILLS,PLOT_LAND,PLOT_LAND,PLOT_OCEAN,PLOT_OCEAN,PLOT_OCEAN,PLOT_OCEAN,PLOT_HILLS,PLOT_OCEAN,PLOT_OCEAN,PLOT_OCEAN,PLOT_OCEAN,PLOT_OCEAN,PLOT_OCEAN,PLOT_OCEAN,PLOT_OCEAN,PLOT_OCEAN,PLOT_OCEAN,PLOT_OCEAN,PLOT_OCEAN,PLOT_OCEAN,PLOT_OCEAN,PLOT_OCEAN,PLOT_OCEAN,PLOT_OCEAN,PLOT_OCEAN,PLOT_OCEAN
PLOT_OCEAN,PLOT_OCEAN,PLOT_HILLS,PLOT_OCEAN,PLOT_OCEAN,PLOT_OCEAN,PLOT_OCEAN,PLOT_OCEAN,PLOT_OCEAN,PLOT_OCEAN,PLOT_OCEAN,PLOT_OCEAN,PLOT_OCEAN,PLOT_OCEAN,PLOT_OCEAN,PLOT_HILLS,PLOT_HILLS,PLOT_PEAK,PLOT_HILLS,PLOT_HILLS,PLOT_LAND,PLOT_LAND,PLOT_LAND,PLOT_LAND,PLOT_OCEAN,PLOT_OCEAN,PLOT_OCEAN,PLOT_OCEAN,PLOT_LAND,PLOT_OCEAN,PLOT_OCEAN,PLOT_HILLS,PLOT_HILLS,PLOT_LAND,PLOT_OCEAN,PLOT_LAND,PLOT_OCEAN,PLOT_OCEAN,PLOT_OCEAN,PLOT_OCEAN,PLOT_OCEAN,PLOT_OCEAN,PLOT_OCEAN,PLOT_OCEAN,PLOT_OCEAN,PLOT_OCEAN,PLOT_OCEAN,PLOT_OCEAN,PLOT_OCEAN,PLOT_OCEAN,PLOT_OCEAN,PLOT_OCEAN,PLOT_HILLS,PLOT_OCEAN,PLOT_OCEAN,PLOT_LAND,PLOT_HILLS,PLOT_HILLS,PLOT_HILLS,PLOT_LAND,PLOT_LAND,PLOT_LAND,PLOT_LAND,PLOT_HILLS,PLOT_HILLS,PLOT_LAND,PLOT_LAND,PLOT_HILLS,PLOT_LAND,PLOT_LAND,PLOT_LAND,PLOT_LAND,PLOT_LAND,PLOT_LAND,PLOT_LAND,PLOT_LAND,PLOT_LAND,PLOT_LAND,PLOT_LAND,PLOT_LAND,PLOT_LAND,PLOT_HILLS,PLOT_OCEAN,PLOT_OCEAN,PLOT_HILLS,PLOT_HILLS,PLOT_HILLS,PLOT_LAND,PLOT_HILLS,PLOT_LAND,PLOT_LAND,PLOT_LAND,PLOT_OCEAN,PLOT_OCEAN,PLOT_OCEAN,PLOT_OCEAN,PLOT_OCEAN,PLOT_OCEAN,PLOT_OCEAN,PLOT_OCEAN,PLOT_LAND,PLOT_LAND,PLOT_LAND,PLOT_LAND,PLOT_LAND,PLOT_LAND,PLOT_LAND,PLOT_HILLS,PLOT_HILLS,PLOT_HILLS,PLOT_LAND,PLOT_LAND,PLOT_LAND,PLOT_LAND,PLOT_OCEAN,PLOT_LAND,PLOT_HILLS,PLOT_LAND,PLOT_HILLS,PLOT_HILLS,PLOT_PEAK,PLOT_LAND,PLOT_LAND,PLOT_OCEAN,PLOT_OCEAN,PLOT_OCEAN,PLOT_OCEAN,PLOT_OCEAN,PLOT_OCEAN,PLOT_OCEAN,PLOT_OCEAN,PLOT_OCEAN,PLOT_OCEAN,PLOT_OCEAN,PLOT_OCEAN,PLOT_OCEAN,PLOT_OCEAN,PLOT_OCEAN,PLOT_OCEAN,PLOT_OCEAN,PLOT_OCEAN,PLOT_OCEAN,PLOT_OCEAN,PLOT_OCEAN,PLOT_OCEAN,PLOT_OCEAN,PLOT_OCEAN,PLOT_OCEAN,PLOT_OCEAN,PLOT_OCEAN
PLOT_OCEAN,PLOT_OCEAN,PLOT_OCEAN,PLOT_OCEAN,PLOT_HILLS,PLOT_OCEAN,PLOT_OCEAN,PLOT_OCEAN,PLOT_OCEAN,PLOT_OCEAN,PLOT_OCEAN,PLOT_OCEAN,PLOT_OCEAN,PLOT_OCEAN,PLOT_OCEAN,PLOT_OCEAN,PLOT_OCEAN,PLOT_HILLS,PLOT_HILLS,PLOT_HILLS,PLOT_LAND,PLOT_HILLS,PLOT_LAND,PLOT_OCEAN,PLOT_OCEAN,PLOT_OCEAN,PLOT_OCEAN,PLOT_OCEAN,PLOT_OCEAN,PLOT_OCEAN,PLOT_OCEAN,PLOT_OCEAN,PLOT_OCEAN,PLOT_OCEAN,PLOT_OCEAN,PLOT_OCEAN,PLOT_OCEAN,PLOT_LAND,PLOT_OCEAN,PLOT_OCEAN,PLOT_OCEAN,PLOT_OCEAN,PLOT_OCEAN,PLOT_OCEAN,PLOT_OCEAN,PLOT_OCEAN,PLOT_OCEAN,PLOT_OCEAN,PLOT_OCEAN,PLOT_OCEAN,PLOT_OCEAN,PLOT_OCEAN,PLOT_OCEAN,PLOT_OCEAN,PLOT_LAND,PLOT_HILLS,PLOT_LAND,PLOT_LAND,PLOT_HILLS,PLOT_LAND,PLOT_LAND,PLOT_LAND,PLOT_LAND,PLOT_LAND,PLOT_LAND,PLOT_HILLS,PLOT_HILLS,PLOT_PEAK,PLOT_HILLS,PLOT_LAND,PLOT_LAND,PLOT_HILLS,PLOT_LAND,PLOT_LAND,PLOT_LAND,PLOT_LAND,PLOT_LAND,PLOT_LAND,PLOT_LAND,PLOT_LAND,PLOT_LAND,PLOT_HILLS,PLOT_LAND,PLOT_OCEAN,PLOT_OCEAN,PLOT_LAND,PLOT_HILLS,PLOT_LAND,PLOT_LAND,PLOT_LAND,PLOT_LAND,PLOT_LAND,PLOT_LAND,PLOT_OCEAN,PLOT_OCEAN,PLOT_LAND,PLOT_OCEAN,PLOT_OCEAN,PLOT_OCEAN,PLOT_OCEAN,PLOT_OCEAN,PLOT_OCEAN,PLOT_LAND,PLOT_LAND,PLOT_LAND,PLOT_LAND,PLOT_HILLS,PLOT_HILLS,PLOT_LAND,PLOT_LAND,PLOT_LAND,PLOT_LAND,PLOT_OCEAN,PLOT_OCEAN,PLOT_OCEAN,PLOT_LAND,PLOT_HILLS,PLOT_LAND,PLOT_PEAK,PLOT_LAND,PLOT_PEAK,PLOT_HILLS,PLOT_OCEAN,PLOT_OCEAN,PLOT_HILLS,PLOT_OCEAN,PLOT_OCEAN,PLOT_OCEAN,PLOT_OCEAN,PLOT_OCEAN,PLOT_OCEAN,PLOT_OCEAN,PLOT_OCEAN,PLOT_OCEAN,PLOT_OCEAN,PLOT_OCEAN,PLOT_OCEAN,PLOT_OCEAN,PLOT_OCEAN,PLOT_OCEAN,PLOT_OCEAN,PLOT_OCEAN,PLOT_OCEAN,PLOT_OCEAN,PLOT_OCEAN,PLOT_OCEAN,PLOT_OCEAN,PLOT_OCEAN,PLOT_OCEAN,PLOT_OCEAN
PLOT_OCEAN,PLOT_OCEAN,PLOT_OCEAN,PLOT_OCEAN,PLOT_PEAK,PLOT_OCEAN,PLOT_OCEAN,PLOT_OCEAN,PLOT_OCEAN,PLOT_OCEAN,PLOT_OCEAN,PLOT_OCEAN,PLOT_OCEAN,PLOT_OCEAN,PLOT_OCEAN,PLOT_OCEAN,PLOT_OCEAN,PLOT_OCEAN,PLOT_OCEAN,PLOT_OCEAN,PLOT_OCEAN,PLOT_HILLS,PLOT_PEAK,PLOT_HILLS,PLOT_HILLS,PLOT_LAND,PLOT_OCEAN,PLOT_OCEAN,PLOT_OCEAN,PLOT_OCEAN,PLOT_OCEAN,PLOT_OCEAN,PLOT_OCEAN,PLOT_OCEAN,PLOT_OCEAN,PLOT_OCEAN,PLOT_OCEAN,PLOT_OCEAN,PLOT_OCEAN,PLOT_OCEAN,PLOT_OCEAN,PLOT_OCEAN,PLOT_OCEAN,PLOT_OCEAN,PLOT_OCEAN,PLOT_OCEAN,PLOT_OCEAN,PLOT_OCEAN,PLOT_OCEAN,PLOT_OCEAN,PLOT_OCEAN,PLOT_OCEAN,PLOT_OCEAN,PLOT_OCEAN,PLOT_LAND,PLOT_LAND,PLOT_LAND,PLOT_LAND,PLOT_HILLS,PLOT_LAND,PLOT_LAND,PLOT_LAND,PLOT_LAND,PLOT_LAND,PLOT_LAND,PLOT_HILLS,PLOT_PEAK,PLOT_HILLS,PLOT_HILLS,PLOT_HILLS,PLOT_LAND,PLOT_LAND,PLOT_LAND,PLOT_HILLS,PLOT_LAND,PLOT_LAND,PLOT_LAND,PLOT_LAND,PLOT_LAND,PLOT_LAND,PLOT_LAND,PLOT_LAND,PLOT_HILLS,PLOT_OCEAN,PLOT_OCEAN,PLOT_OCEAN,PLOT_LAND,PLOT_HILLS,PLOT_LAND,PLOT_LAND,PLOT_LAND,PLOT_LAND,PLOT_LAND,PLOT_LAND,PLOT_LAND,PLOT_HILLS,PLOT_HILLS,PLOT_OCEAN,PLOT_OCEAN,PLOT_OCEAN,PLOT_OCEAN,PLOT_LAND,PLOT_OCEAN,PLOT_LAND,PLOT_LAND,PLOT_HILLS,PLOT_LAND,PLOT_LAND,PLOT_LAND,PLOT_LAND,PLOT_LAND,PLOT_LAND,PLOT_OCEAN,PLOT_OCEAN,PLOT_OCEAN,PLOT_OCEAN,PLOT_LAND,PLOT_LAND,PLOT_HILLS,PLOT_LAND,PLOT_HILLS,PLOT_HILLS,PLOT_HILLS,PLOT_OCEAN,PLOT_OCEAN,PLOT_OCEAN,PLOT_OCEAN,PLOT_OCEAN,PLOT_OCEAN,PLOT_OCEAN,PLOT_PEAK,PLOT_HILLS,PLOT_OCEAN,PLOT_OCEAN,PLOT_OCEAN,PLOT_OCEAN,PLOT_OCEAN,PLOT_OCEAN,PLOT_OCEAN,PLOT_OCEAN,PLOT_OCEAN,PLOT_OCEAN,PLOT_OCEAN,PLOT_OCEAN,PLOT_OCEAN,PLOT_OCEAN,PLOT_OCEAN,PLOT_OCEAN,PLOT_OCEAN,PLOT_OCEAN
PLOT_OCEAN,PLOT_OCEAN,PLOT_OCEAN,PLOT_OCEAN,PLOT_OCEAN,PLOT_OCEAN,PLOT_OCEAN,PLOT_OCEAN,PLOT_OCEAN,PLOT_OCEAN,PLOT_OCEAN,PLOT_OCEAN,PLOT_OCEAN,PLOT_OCEAN,PLOT_OCEAN,PLOT_OCEAN,PLOT_OCEAN,PLOT_OCEAN,PLOT_OCEAN,PLOT_OCEAN,PLOT_OCEAN,PLOT_OCEAN,PLOT_LAND,PLOT_LAND,PLOT_OCEAN,PLOT_LAND,PLOT_OCEAN,PLOT_OCEAN,PLOT_OCEAN,PLOT_OCEAN,PLOT_OCEAN,PLOT_OCEAN,PLOT_OCEAN,PLOT_OCEAN,PLOT_OCEAN,PLOT_OCEAN,PLOT_OCEAN,PLOT_HILLS,PLOT_OCEAN,PLOT_OCEAN,PLOT_OCEAN,PLOT_OCEAN,PLOT_OCEAN,PLOT_OCEAN,PLOT_OCEAN,PLOT_OCEAN,PLOT_OCEAN,PLOT_OCEAN,PLOT_OCEAN,PLOT_OCEAN,PLOT_OCEAN,PLOT_OCEAN,PLOT_OCEAN,PLOT_OCEAN,PLOT_LAND,PLOT_LAND,PLOT_LAND,PLOT_LAND,PLOT_LAND,PLOT_LAND,PLOT_LAND,PLOT_LAND,PLOT_LAND,PLOT_HILLS,PLOT_HILLS,PLOT_LAND,PLOT_HILLS,PLOT_HILLS,PLOT_LAND,PLOT_LAND,PLOT_LAND,PLOT_HILLS,PLOT_PEAK,PLOT_HILLS,PLOT_LAND,PLOT_LAND,PLOT_HILLS,PLOT_LAND,PLOT_LAND,PLOT_LAND,PLOT_LAND,PLOT_LAND,PLOT_HILLS,PLOT_LAND,PLOT_OCEAN,PLOT_OCEAN,PLOT_HILLS,PLOT_HILLS,PLOT_LAND,PLOT_LAND,PLOT_LAND,PLOT_LAND,PLOT_LAND,PLOT_LAND,PLOT_LAND,PLOT_LAND,PLOT_LAND,PLOT_OCEAN,PLOT_OCEAN,PLOT_OCEAN,PLOT_OCEAN,PLOT_OCEAN,PLOT_OCEAN,PLOT_LAND,PLOT_HILLS,PLOT_LAND,PLOT_LAND,PLOT_LAND,PLOT_LAND,PLOT_HILLS,PLOT_LAND,PLOT_OCEAN,PLOT_OCEAN,PLOT_OCEAN,PLOT_OCEAN,PLOT_OCEAN,PLOT_LAND,PLOT_LAND,PLOT_HILLS,PLOT_LAND,PLOT_HILLS,PLOT_LAND,PLOT_LAND,PLOT_HILLS,PLOT_OCEAN,PLOT_OCEAN,PLOT_OCEAN,PLOT_OCEAN,PLOT_OCEAN,PLOT_OCEAN,PLOT_HILLS,PLOT_LAND,PLOT_OCEAN,PLOT_OCEAN,PLOT_OCEAN,PLOT_OCEAN,PLOT_OCEAN,PLOT_OCEAN,PLOT_OCEAN,PLOT_OCEAN,PLOT_OCEAN,PLOT_OCEAN,PLOT_OCEAN,PLOT_OCEAN,PLOT_OCEAN,PLOT_OCEAN,PLOT_OCEAN,PLOT_OCEAN,PLOT_OCEAN,PLOT_OCEAN
PLOT_OCEAN,PLOT_OCEAN,PLOT_OCEAN,PLOT_OCEAN,PLOT_OCEAN,PLOT_OCEAN,PLOT_OCEAN,PLOT_OCEAN,PLOT_OCEAN,PLOT_OCEAN,PLOT_OCEAN,PLOT_OCEAN,PLOT_OCEAN,PLOT_OCEAN,PLOT_OCEAN,PLOT_OCEAN,PLOT_OCEAN,PLOT_OCEAN,PLOT_OCEAN,PLOT_OCEAN,PLOT_OCEAN,PLOT_OCEAN,PLOT_OCEAN,PLOT_OCEAN,PLOT_HILLS,PLOT_LAND,PLOT_OCEAN,PLOT_OCEAN,PLOT_OCEAN,PLOT_OCEAN,PLOT_LAND,PLOT_OCEAN,PLOT_HILLS,PLOT_LAND,PLOT_OCEAN,PLOT_OCEAN,PLOT_OCEAN,PLOT_OCEAN,PLOT_OCEAN,PLOT_OCEAN,PLOT_OCEAN,PLOT_OCEAN,PLOT_OCEAN,PLOT_OCEAN,PLOT_OCEAN,PLOT_OCEAN,PLOT_OCEAN,PLOT_OCEAN,PLOT_OCEAN,PLOT_OCEAN,PLOT_OCEAN,PLOT_OCEAN,PLOT_OCEAN,PLOT_OCEAN,PLOT_LAND,PLOT_LAND,PLOT_LAND,PLOT_LAND,PLOT_LAND,PLOT_LAND,PLOT_LAND,PLOT_LAND,PLOT_LAND,PLOT_LAND,PLOT_HILLS,PLOT_LAND,PLOT_HILLS,PLOT_HILLS,PLOT_LAND,PLOT_LAND,PLOT_LAND,PLOT_LAND,PLOT_HILLS,PLOT_LAND,PLOT_LAND,PLOT_HILLS,PLOT_LAND,PLOT_LAND,PLOT_LAND,PLOT_LAND,PLOT_LAND,PLOT_LAND,PLOT_LAND,PLOT_HILLS,PLOT_OCEAN,PLOT_OCEAN,PLOT_OCEAN,PLOT_LAND,PLOT_PEAK,PLOT_LAND,PLOT_LAND,PLOT_LAND,PLOT_LAND,PLOT_LAND,PLOT_LAND,PLOT_LAND,PLOT_OCEAN,PLOT_OCEAN,PLOT_OCEAN,PLOT_OCEAN,PLOT_OCEAN,PLOT_OCEAN,PLOT_OCEAN,PLOT_LAND,PLOT_HILLS,PLOT_LAND,PLOT_LAND,PLOT_LAND,PLOT_HILLS,PLOT_LAND,PLOT_OCEAN,PLOT_OCEAN,PLOT_OCEAN,PLOT_OCEAN,PLOT_OCEAN,PLOT_OCEAN,PLOT_LAND,PLOT_OCEAN,PLOT_HILLS,PLOT_LAND,PLOT_HILLS,PLOT_LAND,PLOT_LAND,PLOT_LAND,PLOT_HILLS,PLOT_OCEAN,PLOT_OCEAN,PLOT_OCEAN,PLOT_OCEAN,PLOT_OCEAN,PLOT_LAND,PLOT_HILLS,PLOT_OCEAN,PLOT_OCEAN,PLOT_OCEAN,PLOT_OCEAN,PLOT_OCEAN,PLOT_OCEAN,PLOT_OCEAN,PLOT_LAND,PLOT_OCEAN,PLOT_OCEAN,PLOT_OCEAN,PLOT_OCEAN,PLOT_OCEAN,PLOT_OCEAN,PLOT_OCEAN,PLOT_OCEAN,PLOT_OCEAN,PLOT_OCEAN
PLOT_OCEAN,PLOT_OCEAN,PLOT_OCEAN,PLOT_OCEAN,PLOT_OCEAN,PLOT_OCEAN,PLOT_OCEAN,PLOT_OCEAN,PLOT_OCEAN,PLOT_OCEAN,PLOT_OCEAN,PLOT_OCEAN,PLOT_OCEAN,PLOT_OCEAN,PLOT_OCEAN,PLOT_OCEAN,PLOT_OCEAN,PLOT_OCEAN,PLOT_OCEAN,PLOT_OCEAN,PLOT_OCEAN,PLOT_OCEAN,PLOT_OCEAN,PLOT_OCEAN,PLOT_OCEAN,PLOT_HILLS,PLOT_OCEAN,PLOT_LAND,PLOT_OCEAN,PLOT_LAND,PLOT_PEAK,PLOT_LAND,PLOT_HILLS,PLOT_HILLS,PLOT_HILLS,PLOT_HILLS,PLOT_LAND,PLOT_OCEAN,PLOT_OCEAN,PLOT_OCEAN,PLOT_OCEAN,PLOT_OCEAN,PLOT_OCEAN,PLOT_OCEAN,PLOT_OCEAN,PLOT_OCEAN,PLOT_OCEAN,PLOT_OCEAN,PLOT_OCEAN,PLOT_OCEAN,PLOT_OCEAN,PLOT_HILLS,PLOT_OCEAN,PLOT_OCEAN,PLOT_LAND,PLOT_LAND,PLOT_LAND,PLOT_LAND,PLOT_LAND,PLOT_LAND,PLOT_LAND,PLOT_LAND,PLOT_LAND,PLOT_LAND,PLOT_LAND,PLOT_LAND,PLOT_LAND,PLOT_PEAK,PLOT_HILLS,PLOT_LAND,PLOT_LAND,PLOT_LAND,PLOT_LAND,PLOT_LAND,PLOT_LAND,PLOT_HILLS,PLOT_LAND,PLOT_LAND,PLOT_LAND,PLOT_LAND,PLOT_LAND,PLOT_LAND,PLOT_LAND,PLOT_LAND,PLOT_LAND,PLOT_OCEAN,PLOT_OCEAN,PLOT_HILLS,PLOT_PEAK,PLOT_HILLS,PLOT_HILLS,PLOT_HILLS,PLOT_LAND,PLOT_LAND,PLOT_LAND,PLOT_OCEAN,PLOT_OCEAN,PLOT_OCEAN,PLOT_OCEAN,PLOT_OCEAN,PLOT_OCEAN,PLOT_OCEAN,PLOT_OCEAN,PLOT_LAND,PLOT_HILLS,PLOT_LAND,PLOT_HILLS,PLOT_LAND,PLOT_LAND,PLOT_OCEAN,PLOT_OCEAN,PLOT_OCEAN,PLOT_OCEAN,PLOT_OCEAN,PLOT_OCEAN,PLOT_OCEAN,PLOT_OCEAN,PLOT_OCEAN,PLOT_LAND,PLOT_LAND,PLOT_LAND,PLOT_LAND,PLOT_LAND,PLOT_LAND,PLOT_LAND,PLOT_OCEAN,PLOT_OCEAN,PLOT_OCEAN,PLOT_OCEAN,PLOT_OCEAN,PLOT_OCEAN,PLOT_OCEAN,PLOT_HILLS,PLOT_OCEAN,PLOT_OCEAN,PLOT_OCEAN,PLOT_OCEAN,PLOT_OCEAN,PLOT_OCEAN,PLOT_OCEAN,PLOT_OCEAN,PLOT_OCEAN,PLOT_OCEAN,PLOT_OCEAN,PLOT_OCEAN,PLOT_OCEAN,PLOT_OCEAN,PLOT_OCEAN,PLOT_OCEAN,PLOT_OCEAN
PLOT_OCEAN,PLOT_OCEAN,PLOT_OCEAN,PLOT_OCEAN,PLOT_OCEAN,PLOT_OCEAN,PLOT_OCEAN,PLOT_OCEAN,PLOT_OCEAN,PLOT_OCEAN,PLOT_OCEAN,PLOT_OCEAN,PLOT_OCEAN,PLOT_OCEAN,PLOT_OCEAN,PLOT_OCEAN,PLOT_OCEAN,PLOT_OCEAN,PLOT_OCEAN,PLOT_OCEAN,PLOT_OCEAN,PLOT_OCEAN,PLOT_OCEAN,PLOT_OCEAN,PLOT_OCEAN,PLOT_OCEAN,PLOT_HILLS,PLOT_OCEAN,PLOT_LAND,PLOT_LAND,PLOT_HILLS,PLOT_LAND,PLOT_PEAK,PLOT_HILLS,PLOT_LAND,PLOT_LAND,PLOT_LAND,PLOT_LAND,PLOT_OCEAN,PLOT_OCEAN,PLOT_OCEAN,PLOT_OCEAN,PLOT_OCEAN,PLOT_OCEAN,PLOT_OCEAN,PLOT_OCEAN,PLOT_OCEAN,PLOT_OCEAN,PLOT_OCEAN,PLOT_OCEAN,PLOT_OCEAN,PLOT_OCEAN,PLOT_OCEAN,PLOT_OCEAN,PLOT_LAND,PLOT_LAND,PLOT_LAND,PLOT_LAND,PLOT_LAND,PLOT_LAND,PLOT_LAND,PLOT_LAND,PLOT_LAND,PLOT_LAND,PLOT_LAND,PLOT_LAND,PLOT_LAND,PLOT_HILLS,PLOT_LAND,PLOT_LAND,PLOT_LAND,PLOT_LAND,PLOT_LAND,PLOT_LAND,PLOT_HILLS,PLOT_PEAK,PLOT_HILLS,PLOT_HILLS,PLOT_LAND,PLOT_LAND,PLOT_LAND,PLOT_LAND,PLOT_LAND,PLOT_LAND,PLOT_HILLS,PLOT_OCEAN,PLOT_OCEAN,PLOT_OCEAN,PLOT_HILLS,PLOT_PEAK,PLOT_HILLS,PLOT_LAND,PLOT_LAND,PLOT_OCEAN,PLOT_OCEAN,PLOT_OCEAN,PLOT_OCEAN,PLOT_OCEAN,PLOT_OCEAN,PLOT_OCEAN,PLOT_OCEAN,PLOT_OCEAN,PLOT_OCEAN,PLOT_OCEAN,PLOT_HILLS,PLOT_LAND,PLOT_LAND,PLOT_LAND,PLOT_OCEAN,PLOT_OCEAN,PLOT_OCEAN,PLOT_OCEAN,PLOT_OCEAN,PLOT_OCEAN,PLOT_OCEAN,PLOT_OCEAN,PLOT_OCEAN,PLOT_OCEAN,PLOT_LAND,PLOT_OCEAN,PLOT_HILLS,PLOT_OCEAN,PLOT_LAND,PLOT_LAND,PLOT_HILLS,PLOT_OCEAN,PLOT_OCEAN,PLOT_OCEAN,PLOT_OCEAN,PLOT_LAND,PLOT_OCEAN,PLOT_LAND,PLOT_OCEAN,PLOT_LAND,PLOT_OCEAN,PLOT_OCEAN,PLOT_OCEAN,PLOT_OCEAN,PLOT_OCEAN,PLOT_OCEAN,PLOT_OCEAN,PLOT_OCEAN,PLOT_OCEAN,PLOT_OCEAN,PLOT_OCEAN,PLOT_OCEAN,PLOT_OCEAN,PLOT_OCEAN,PLOT_OCEAN,PLOT_OCEAN
PLOT_OCEAN,PLOT_OCEAN,PLOT_OCEAN,PLOT_OCEAN,PLOT_OCEAN,PLOT_OCEAN,PLOT_OCEAN,PLOT_OCEAN,PLOT_OCEAN,PLOT_OCEAN,PLOT_OCEAN,PLOT_OCEAN,PLOT_OCEAN,PLOT_OCEAN,PLOT_OCEAN,PLOT_OCEAN,PLOT_OCEAN,PLOT_OCEAN,PLOT_OCEAN,PLOT_OCEAN,PLOT_OCEAN,PLOT_OCEAN,PLOT_OCEAN,PLOT_OCEAN,PLOT_OCEAN,PLOT_OCEAN,PLOT_OCEAN,PLOT_OCEAN,PLOT_HILLS,PLOT_HILLS,PLOT_HILLS,PLOT_PEAK,PLOT_LAND,PLOT_LAND,PLOT_PEAK,PLOT_HILLS,PLOT_PEAK,PLOT_LAND,PLOT_LAND,PLOT_OCEAN,PLOT_OCEAN,PLOT_OCEAN,PLOT_OCEAN,PLOT_OCEAN,PLOT_OCEAN,PLOT_OCEAN,PLOT_OCEAN,PLOT_OCEAN,PLOT_OCEAN,PLOT_OCEAN,PLOT_OCEAN,PLOT_OCEAN,PLOT_OCEAN,PLOT_OCEAN,PLOT_LAND,PLOT_LAND,PLOT_LAND,PLOT_LAND,PLOT_HILLS,PLOT_LAND,PLOT_LAND,PLOT_LAND,PLOT_LAND,PLOT_LAND,PLOT_LAND,PLOT_HILLS,PLOT_LAND,PLOT_LAND,PLOT_LAND,PLOT_LAND,PLOT_LAND,PLOT_OCEAN,PLOT_LAND,PLOT_LAND,PLOT_LAND,PLOT_LAND,PLOT_PEAK,PLOT_HILLS,PLOT_LAND,PLOT_LAND,PLOT_LAND,PLOT_HILLS,PLOT_LAND,PLOT_HILLS,PLOT_HILLS,PLOT_LAND,PLOT_OCEAN,PLOT_OCEAN,PLOT_HILLS,PLOT_LAND,PLOT_OCEAN,PLOT_OCEAN,PLOT_OCEAN,PLOT_OCEAN,PLOT_OCEAN,PLOT_OCEAN,PLOT_OCEAN,PLOT_OCEAN,PLOT_OCEAN,PLOT_OCEAN,PLOT_OCEAN,PLOT_OCEAN,PLOT_OCEAN,PLOT_OCEAN,PLOT_LAND,PLOT_HILLS,PLOT_HILLS,PLOT_LAND,PLOT_OCEAN,PLOT_OCEAN,PLOT_OCEAN,PLOT_OCEAN,PLOT_OCEAN,PLOT_OCEAN,PLOT_OCEAN,PLOT_OCEAN,PLOT_OCEAN,PLOT_OCEAN,PLOT_LAND,PLOT_OCEAN,PLOT_OCEAN,PLOT_LAND,PLOT_LAND,PLOT_LAND,PLOT_OCEAN,PLOT_OCEAN,PLOT_OCEAN,PLOT_OCEAN,PLOT_LAND,PLOT_OCEAN,PLOT_OCEAN,PLOT_OCEAN,PLOT_OCEAN,PLOT_OCEAN,PLOT_OCEAN,PLOT_OCEAN,PLOT_OCEAN,PLOT_OCEAN,PLOT_OCEAN,PLOT_OCEAN,PLOT_OCEAN,PLOT_OCEAN,PLOT_OCEAN,PLOT_OCEAN,PLOT_OCEAN,PLOT_OCEAN,PLOT_OCEAN,PLOT_OCEAN,PLOT_OCEAN,PLOT_OCEAN
PLOT_OCEAN,PLOT_OCEAN,PLOT_OCEAN,PLOT_OCEAN,PLOT_OCEAN,PLOT_OCEAN,PLOT_OCEAN,PLOT_LAND,PLOT_OCEAN,PLOT_OCEAN,PLOT_OCEAN,PLOT_OCEAN,PLOT_OCEAN,PLOT_OCEAN,PLOT_OCEAN,PLOT_OCEAN,PLOT_OCEAN,PLOT_OCEAN,PLOT_OCEAN,PLOT_OCEAN,PLOT_OCEAN,PLOT_OCEAN,PLOT_OCEAN,PLOT_OCEAN,PLOT_OCEAN,PLOT_OCEAN,PLOT_OCEAN,PLOT_OCEAN,PLOT_PEAK,PLOT_HILLS,PLOT_HILLS,PLOT_PEAK,PLOT_LAND,PLOT_LAND,PLOT_HILLS,PLOT_PEAK,PLOT_HILLS,PLOT_PEAK,PLOT_LAND,PLOT_LAND,PLOT_LAND,PLOT_LAND,PLOT_OCEAN,PLOT_OCEAN,PLOT_OCEAN,PLOT_OCEAN,PLOT_OCEAN,PLOT_OCEAN,PLOT_OCEAN,PLOT_OCEAN,PLOT_OCEAN,PLOT_OCEAN,PLOT_OCEAN,PLOT_OCEAN,PLOT_OCEAN,PLOT_LAND,PLOT_PEAK,PLOT_HILLS,PLOT_LAND,PLOT_LAND,PLOT_LAND,PLOT_LAND,PLOT_LAND,PLOT_LAND,PLOT_LAND,PLOT_LAND,PLOT_LAND,PLOT_HILLS,PLOT_LAND,PLOT_HILLS,PLOT_LAND,PLOT_LAND,PLOT_LAND,PLOT_LAND,PLOT_LAND,PLOT_LAND,PLOT_HILLS,PLOT_LAND,PLOT_LAND,PLOT_LAND,PLOT_LAND,PLOT_LAND,PLOT_HILLS,PLOT_OCEAN,PLOT_PEAK,PLOT_LAND,PLOT_LAND,PLOT_OCEAN,PLOT_OCEAN,PLOT_OCEAN,PLOT_OCEAN,PLOT_OCEAN,PLOT_LAND,PLOT_OCEAN,PLOT_OCEAN,PLOT_OCEAN,PLOT_OCEAN,PLOT_OCEAN,PLOT_OCEAN,PLOT_OCEAN,PLOT_OCEAN,PLOT_OCEAN,PLOT_OCEAN,PLOT_OCEAN,PLOT_OCEAN,PLOT_HILLS,PLOT_LAND,PLOT_LAND,PLOT_OCEAN,PLOT_OCEAN,PLOT_OCEAN,PLOT_OCEAN,PLOT_OCEAN,PLOT_OCEAN,PLOT_OCEAN,PLOT_OCEAN,PLOT_OCEAN,PLOT_OCEAN,PLOT_LAND,PLOT_OCEAN,PLOT_OCEAN,PLOT_OCEAN,PLOT_LAND,PLOT_OCEAN,PLOT_OCEAN,PLOT_OCEAN,PLOT_OCEAN,PLOT_OCEAN,PLOT_OCEAN,PLOT_OCEAN,PLOT_OCEAN,PLOT_LAND,PLOT_LAND,PLOT_HILLS,PLOT_OCEAN,PLOT_OCEAN,PLOT_LAND,PLOT_OCEAN,PLOT_OCEAN,PLOT_OCEAN,PLOT_OCEAN,PLOT_OCEAN,PLOT_OCEAN,PLOT_OCEAN,PLOT_OCEAN,PLOT_OCEAN,PLOT_OCEAN,PLOT_OCEAN,PLOT_LAND,PLOT_OCEAN
PLOT_OCEAN,PLOT_OCEAN,PLOT_OCEAN,PLOT_OCEAN,PLOT_OCEAN,PLOT_OCEAN,PLOT_OCEAN,PLOT_OCEAN,PLOT_OCEAN,PLOT_OCEAN,PLOT_OCEAN,PLOT_OCEAN,PLOT_OCEAN,PLOT_OCEAN,PLOT_OCEAN,PLOT_OCEAN,PLOT_OCEAN,PLOT_OCEAN,PLOT_OCEAN,PLOT_OCEAN,PLOT_OCEAN,PLOT_OCEAN,PLOT_OCEAN,PLOT_OCEAN,PLOT_OCEAN,PLOT_OCEAN,PLOT_OCEAN,PLOT_LAND,PLOT_HILLS,PLOT_PEAK,PLOT_PEAK,PLOT_HILLS,PLOT_LAND,PLOT_LAND,PLOT_PEAK,PLOT_PEAK,PLOT_HILLS,PLOT_HILLS,PLOT_HILLS,PLOT_HILLS,PLOT_HILLS,PLOT_LAND,PLOT_LAND,PLOT_OCEAN,PLOT_OCEAN,PLOT_OCEAN,PLOT_OCEAN,PLOT_OCEAN,PLOT_OCEAN,PLOT_OCEAN,PLOT_OCEAN,PLOT_OCEAN,PLOT_OCEAN,PLOT_OCEAN,PLOT_OCEAN,PLOT_OCEAN,PLOT_LAND,PLOT_HILLS,PLOT_PEAK,PLOT_HILLS,PLOT_LAND,PLOT_HILLS,PLOT_LAND,PLOT_LAND,PLOT_LAND,PLOT_LAND,PLOT_HILLS,PLOT_PEAK,PLOT_HILLS,PLOT_LAND,PLOT_LAND,PLOT_LAND,PLOT_LAND,PLOT_LAND,PLOT_LAND,PLOT_HILLS,PLOT_HILLS,PLOT_LAND,PLOT_LAND,PLOT_LAND,PLOT_LAND,PLOT_HILLS,PLOT_HILLS,PLOT_PEAK,PLOT_HILLS,PLOT_LAND,PLOT_HILLS,PLOT_HILLS,PLOT_PEAK,PLOT_HILLS,PLOT_OCEAN,PLOT_OCEAN,PLOT_OCEAN,PLOT_OCEAN,PLOT_OCEAN,PLOT_OCEAN,PLOT_OCEAN,PLOT_OCEAN,PLOT_OCEAN,PLOT_OCEAN,PLOT_OCEAN,PLOT_OCEAN,PLOT_OCEAN,PLOT_OCEAN,PLOT_OCEAN,PLOT_HILLS,PLOT_LAND,PLOT_OCEAN,PLOT_OCEAN,PLOT_OCEAN,PLOT_OCEAN,PLOT_OCEAN,PLOT_OCEAN,PLOT_OCEAN,PLOT_OCEAN,PLOT_OCEAN,PLOT_OCEAN,PLOT_OCEAN,PLOT_LAND,PLOT_HILLS,PLOT_OCEAN,PLOT_OCEAN,PLOT_OCEAN,PLOT_OCEAN,PLOT_OCEAN,PLOT_OCEAN,PLOT_OCEAN,PLOT_HILLS,PLOT_OCEAN,PLOT_OCEAN,PLOT_HILLS,PLOT_OCEAN,PLOT_LAND,PLOT_OCEAN,PLOT_OCEAN,PLOT_OCEAN,PLOT_OCEAN,PLOT_OCEAN,PLOT_OCEAN,PLOT_OCEAN,PLOT_OCEAN,PLOT_OCEAN,PLOT_OCEAN,PLOT_LAND,PLOT_LAND,PLOT_OCEAN,PLOT_OCEAN,PLOT_OCEAN,PLOT_OCEAN,PLOT_OCEAN
PLOT_OCEAN,PLOT_OCEAN,PLOT_OCEAN,PLOT_OCEAN,PLOT_OCEAN,PLOT_OCEAN,PLOT_OCEAN,PLOT_OCEAN,PLOT_OCEAN,PLOT_OCEAN,PLOT_OCEAN,PLOT_OCEAN,PLOT_OCEAN,PLOT_OCEAN,PLOT_OCEAN,PLOT_OCEAN,PLOT_OCEAN,PLOT_OCEAN,PLOT_OCEAN,PLOT_OCEAN,PLOT_OCEAN,PLOT_LAND,PLOT_OCEAN,PLOT_OCEAN,PLOT_OCEAN,PLOT_OCEAN,PLOT_LAND,PLOT_HILLS,PLOT_PEAK,PLOT_PEAK,PLOT_LAND,PLOT_LAND,PLOT_LAND,PLOT_LAND,PLOT_LAND,PLOT_LAND,PLOT_LAND,PLOT_HILLS,PLOT_HILLS,PLOT_LAND,PLOT_LAND,PLOT_LAND,PLOT_LAND,PLOT_LAND,PLOT_OCEAN,PLOT_OCEAN,PLOT_OCEAN,PLOT_OCEAN,PLOT_OCEAN,PLOT_OCEAN,PLOT_OCEAN,PLOT_OCEAN,PLOT_OCEAN,PLOT_OCEAN,PLOT_OCEAN,PLOT_OCEAN,PLOT_OCEAN,PLOT_LAND,PLOT_LAND,PLOT_PEAK,PLOT_LAND,PLOT_LAND,PLOT_LAND,PLOT_HILLS,PLOT_LAND,PLOT_LAND,PLOT_LAND,PLOT_LAND,PLOT_LAND,PLOT_HILLS,PLOT_HILLS,PLOT_LAND,PLOT_LAND,PLOT_LAND,PLOT_HILLS,PLOT_LAND,PLOT_LAND,PLOT_LAND,PLOT_LAND,PLOT_LAND,PLOT_LAND,PLOT_HILLS,PLOT_HILLS,PLOT_HILLS,PLOT_HILLS,PLOT_HILLS,PLOT_PEAK,PLOT_HILLS,PLOT_LAND,PLOT_LAND,PLOT_OCEAN,PLOT_OCEAN,PLOT_OCEAN,PLOT_OCEAN,PLOT_OCEAN,PLOT_OCEAN,PLOT_OCEAN,PLOT_OCEAN,PLOT_OCEAN,PLOT_OCEAN,PLOT_OCEAN,PLOT_OCEAN,PLOT_OCEAN,PLOT_OCEAN,PLOT_OCEAN,PLOT_OCEAN,PLOT_HILLS,PLOT_OCEAN,PLOT_LAND,PLOT_OCEAN,PLOT_OCEAN,PLOT_OCEAN,PLOT_OCEAN,PLOT_OCEAN,PLOT_OCEAN,PLOT_OCEAN,PLOT_OCEAN,PLOT_OCEAN,PLOT_OCEAN,PLOT_HILLS,PLOT_LAND,PLOT_OCEAN,PLOT_OCEAN,PLOT_OCEAN,PLOT_OCEAN,PLOT_OCEAN,PLOT_LAND,PLOT_PEAK,PLOT_HILLS,PLOT_OCEAN,PLOT_OCEAN,PLOT_OCEAN,PLOT_OCEAN,PLOT_OCEAN,PLOT_OCEAN,PLOT_OCEAN,PLOT_OCEAN,PLOT_OCEAN,PLOT_OCEAN,PLOT_OCEAN,PLOT_OCEAN,PLOT_OCEAN,PLOT_OCEAN,PLOT_OCEAN,PLOT_OCEAN,PLOT_OCEAN,PLOT_OCEAN,PLOT_OCEAN,PLOT_OCEAN,PLOT_OCEAN
PLOT_OCEAN,PLOT_OCEAN,PLOT_OCEAN,PLOT_OCEAN,PLOT_OCEAN,PLOT_OCEAN,PLOT_OCEAN,PLOT_OCEAN,PLOT_OCEAN,PLOT_OCEAN,PLOT_OCEAN,PLOT_OCEAN,PLOT_OCEAN,PLOT_OCEAN,PLOT_OCEAN,PLOT_OCEAN,PLOT_OCEAN,PLOT_OCEAN,PLOT_OCEAN,PLOT_OCEAN,PLOT_OCEAN,PLOT_OCEAN,PLOT_OCEAN,PLOT_OCEAN,PLOT_OCEAN,PLOT_OCEAN,PLOT_LAND,PLOT_PEAK,PLOT_PEAK,PLOT_LAND,PLOT_LAND,PLOT_LAND,PLOT_LAND,PLOT_LAND,PLOT_LAND,PLOT_LAND,PLOT_LAND,PLOT_LAND,PLOT_LAND,PLOT_LAND,PLOT_LAND,PLOT_LAND,PLOT_LAND,PLOT_LAND,PLOT_LAND,PLOT_LAND,PLOT_OCEAN,PLOT_OCEAN,PLOT_OCEAN,PLOT_OCEAN,PLOT_OCEAN,PLOT_OCEAN,PLOT_OCEAN,PLOT_OCEAN,PLOT_OCEAN,PLOT_OCEAN,PLOT_OCEAN,PLOT_OCEAN,PLOT_LAND,PLOT_LAND,PLOT_LAND,PLOT_LAND,PLOT_LAND,PLOT_OCEAN,PLOT_OCEAN,PLOT_OCEAN,PLOT_LAND,PLOT_LAND,PLOT_LAND,PLOT_PEAK,PLOT_HILLS,PLOT_HILLS,PLOT_HILLS,PLOT_LAND,PLOT_LAND,PLOT_LAND,PLOT_LAND,PLOT_LAND,PLOT_LAND,PLOT_LAND,PLOT_LAND,PLOT_HILLS,PLOT_HILLS,PLOT_PEAK,PLOT_PEAK,PLOT_HILLS,PLOT_LAND,PLOT_LAND,PLOT_LAND,PLOT_OCEAN,PLOT_OCEAN,PLOT_OCEAN,PLOT_OCEAN,PLOT_OCEAN,PLOT_OCEAN,PLOT_OCEAN,PLOT_OCEAN,PLOT_OCEAN,PLOT_OCEAN,PLOT_OCEAN,PLOT_OCEAN,PLOT_OCEAN,PLOT_OCEAN,PLOT_OCEAN,PLOT_OCEAN,PLOT_OCEAN,PLOT_OCEAN,PLOT_OCEAN,PLOT_LAND,PLOT_LAND,PLOT_OCEAN,PLOT_OCEAN,PLOT_OCEAN,PLOT_OCEAN,PLOT_OCEAN,PLOT_HILLS,PLOT_LAND,PLOT_OCEAN,PLOT_OCEAN,PLOT_LAND,PLOT_HILLS,PLOT_OCEAN,PLOT_OCEAN,PLOT_OCEAN,PLOT_OCEAN,PLOT_LAND,PLOT_PEAK,PLOT_HILLS,PLOT_OCEAN,PLOT_OCEAN,PLOT_OCEAN,PLOT_OCEAN,PLOT_OCEAN,PLOT_OCEAN,PLOT_OCEAN,PLOT_OCEAN,PLOT_OCEAN,PLOT_OCEAN,PLOT_OCEAN,PLOT_OCEAN,PLOT_OCEAN,PLOT_OCEAN,PLOT_OCEAN,PLOT_OCEAN,PLOT_OCEAN,PLOT_OCEAN,PLOT_OCEAN,PLOT_OCEAN,PLOT_OCEAN,PLOT_LAND
PLOT_OCEAN,PLOT_OCEAN,PLOT_OCEAN,PLOT_OCEAN,PLOT_OCEAN,PLOT_OCEAN,PLOT_OCEAN,PLOT_OCEAN,PLOT_OCEAN,PLOT_OCEAN,PLOT_OCEAN,PLOT_OCEAN,PLOT_OCEAN,PLOT_OCEAN,PLOT_OCEAN,PLOT_OCEAN,PLOT_OCEAN,PLOT_OCEAN,PLOT_OCEAN,PLOT_OCEAN,PLOT_OCEAN,PLOT_OCEAN,PLOT_OCEAN,PLOT_OCEAN,PLOT_OCEAN,PLOT_OCEAN,PLOT_OCEAN,PLOT_HILLS,PLOT_PEAK,PLOT_HILLS,PLOT_LAND,PLOT_LAND,PLOT_LAND,PLOT_LAND,PLOT_LAND,PLOT_LAND,PLOT_LAND,PLOT_LAND,PLOT_LAND,PLOT_LAND,PLOT_LAND,PLOT_LAND,PLOT_LAND,PLOT_LAND,PLOT_LAND,PLOT_LAND,PLOT_HILLS,PLOT_LAND,PLOT_LAND,PLOT_OCEAN,PLOT_OCEAN,PLOT_OCEAN,PLOT_OCEAN,PLOT_OCEAN,PLOT_OCEAN,PLOT_OCEAN,PLOT_OCEAN,PLOT_OCEAN,PLOT_OCEAN,PLOT_OCEAN,PLOT_OCEAN,PLOT_OCEAN,PLOT_OCEAN,PLOT_OCEAN,PLOT_OCEAN,PLOT_OCEAN,PLOT_OCEAN,PLOT_OCEAN,PLOT_OCEAN,PLOT_LAND,PLOT_LAND,PLOT_LAND,PLOT_LAND,PLOT_LAND,PLOT_LAND,PLOT_LAND,PLOT_LAND,PLOT_LAND,PLOT_LAND,PLOT_LAND,PLOT_HILLS,PLOT_LAND,PLOT_OCEAN,PLOT_HILLS,PLOT_HILLS,PLOT_LAND,PLOT_LAND,PLOT_LAND,PLOT_LAND,PLOT_OCEAN,PLOT_OCEAN,PLOT_OCEAN,PLOT_OCEAN,PLOT_OCEAN,PLOT_OCEAN,PLOT_OCEAN,PLOT_OCEAN,PLOT_OCEAN,PLOT_OCEAN,PLOT_OCEAN,PLOT_OCEAN,PLOT_OCEAN,PLOT_OCEAN,PLOT_OCEAN,PLOT_OCEAN,PLOT_OCEAN,PLOT_OCEAN,PLOT_OCEAN,PLOT_HILLS,PLOT_HILLS,PLOT_OCEAN,PLOT_OCEAN,PLOT_OCEAN,PLOT_OCEAN,PLOT_OCEAN,PLOT_OCEAN,PLOT_PEAK,PLOT_LAND,PLOT_OCEAN,PLOT_OCEAN,PLOT_LAND,PLOT_OCEAN,PLOT_OCEAN,PLOT_LAND,PLOT_LAND,PLOT_PEAK,PLOT_PEAK,PLOT_HILLS,PLOT_OCEAN,PLOT_OCEAN,PLOT_LAND,PLOT_HILLS,PLOT_OCEAN,PLOT_LAND,PLOT_OCEAN,PLOT_OCEAN,PLOT_OCEAN,PLOT_OCEAN,PLOT_OCEAN,PLOT_OCEAN,PLOT_OCEAN,PLOT_LAND,PLOT_OCEAN,PLOT_OCEAN,PLOT_OCEAN,PLOT_OCEAN,PLOT_OCEAN,PLOT_OCEAN,PLOT_OCEAN,PLOT_OCEAN
PLOT_OCEAN,PLOT_OCEAN,PLOT_OCEAN,PLOT_OCEAN,PLOT_OCEAN,PLOT_OCEAN,PLOT_OCEAN,PLOT_OCEAN,PLOT_OCEAN,PLOT_OCEAN,PLOT_OCEAN,PLOT_OCEAN,PLOT_OCEAN,PLOT_OCEAN,PLOT_OCEAN,PLOT_OCEAN,PLOT_OCEAN,PLOT_OCEAN,PLOT_OCEAN,PLOT_OCEAN,PLOT_OCEAN,PLOT_OCEAN,PLOT_OCEAN,PLOT_OCEAN,PLOT_OCEAN,PLOT_OCEAN,PLOT_LAND,PLOT_HILLS,PLOT_PEAK,PLOT_PEAK,PLOT_HILLS,PLOT_LAND,PLOT_LAND,PLOT_LAND,PLOT_LAND,PLOT_LAND,PLOT_LAND,PLOT_LAND,PLOT_LAND,PLOT_LAND,PLOT_LAND,PLOT_LAND,PLOT_LAND,PLOT_LAND,PLOT_LAND,PLOT_HILLS,PLOT_LAND,PLOT_LAND,PLOT_HILLS,PLOT_LAND,PLOT_OCEAN,PLOT_OCEAN,PLOT_OCEAN,PLOT_OCEAN,PLOT_OCEAN,PLOT_OCEAN,PLOT_OCEAN,PLOT_OCEAN,PLOT_OCEAN,PLOT_OCEAN,PLOT_OCEAN,PLOT_OCEAN,PLOT_OCEAN,PLOT_OCEAN,PLOT_OCEAN,PLOT_OCEAN,PLOT_OCEAN,PLOT_LAND,PLOT_OCEAN,PLOT_HILLS,PLOT_HILLS,PLOT_LAND,PLOT_LAND,PLOT_LAND,PLOT_LAND,PLOT_LAND,PLOT_LAND,PLOT_HILLS,PLOT_PEAK,PLOT_OCEAN,PLOT_HILLS,PLOT_PEAK,PLOT_HILLS,PLOT_HILLS,PLOT_LAND,PLOT_LAND,PLOT_LAND,PLOT_LAND,PLOT_OCEAN,PLOT_OCEAN,PLOT_OCEAN,PLOT_OCEAN,PLOT_OCEAN,PLOT_OCEAN,PLOT_OCEAN,PLOT_OCEAN,PLOT_OCEAN,PLOT_OCEAN,PLOT_OCEAN,PLOT_OCEAN,PLOT_OCEAN,PLOT_OCEAN,PLOT_LAND,PLOT_OCEAN,PLOT_OCEAN,PLOT_OCEAN,PLOT_OCEAN,PLOT_OCEAN,PLOT_OCEAN,PLOT_OCEAN,PLOT_OCEAN,PLOT_OCEAN,PLOT_OCEAN,PLOT_OCEAN,PLOT_OCEAN,PLOT_OCEAN,PLOT_OCEAN,PLOT_HILLS,PLOT_LAND,PLOT_OCEAN,PLOT_OCEAN,PLOT_OCEAN,PLOT_OCEAN,PLOT_LAND,PLOT_HILLS,PLOT_LAND,PLOT_HILLS,PLOT_LAND,PLOT_OCEAN,PLOT_HILLS,PLOT_OCEAN,PLOT_OCEAN,PLOT_OCEAN,PLOT_OCEAN,PLOT_OCEAN,PLOT_HILLS,PLOT_OCEAN,PLOT_HILLS,PLOT_HILLS,PLOT_LAND,PLOT_OCEAN,PLOT_OCEAN,PLOT_OCEAN,PLOT_OCEAN,PLOT_OCEAN,PLOT_OCEAN,PLOT_OCEAN,PLOT_OCEAN,PLOT_OCEAN,PLOT_OCEAN
PLOT_OCEAN,PLOT_OCEAN,PLOT_OCEAN,PLOT_OCEAN,PLOT_LAND,PLOT_OCEAN,PLOT_OCEAN,PLOT_OCEAN,PLOT_OCEAN,PLOT_OCEAN,PLOT_OCEAN,PLOT_OCEAN,PLOT_OCEAN,PLOT_OCEAN,PLOT_OCEAN,PLOT_OCEAN,PLOT_OCEAN,PLOT_OCEAN,PLOT_OCEAN,PLOT_OCEAN,PLOT_OCEAN,PLOT_OCEAN,PLOT_OCEAN,PLOT_OCEAN,PLOT_OCEAN,PLOT_OCEAN,PLOT_OCEAN,PLOT_HILLS,PLOT_HILLS,PLOT_PEAK,PLOT_LAND,PLOT_LAND,PLOT_LAND,PLOT_LAND,PLOT_LAND,PLOT_LAND,PLOT_LAND,PLOT_LAND,PLOT_LAND,PLOT_LAND,PLOT_LAND,PLOT_LAND,PLOT_LAND,PLOT_LAND,PLOT_LAND,PLOT_LAND,PLOT_LAND,PLOT_HILLS,PLOT_HILLS,PLOT_LAND,PLOT_OCEAN,PLOT_OCEAN,PLOT_OCEAN,PLOT_OCEAN,PLOT_OCEAN,PLOT_OCEAN,PLOT_OCEAN,PLOT_OCEAN,PLOT_OCEAN,PLOT_OCEAN,PLOT_OCEAN,PLOT_OCEAN,PLOT_OCEAN,PLOT_OCEAN,PLOT_OCEAN,PLOT_OCEAN,PLOT_OCEAN,PLOT_OCEAN,PLOT_OCEAN,PLOT_LAND,PLOT_HILLS,PLOT_HILLS,PLOT_LAND,PLOT_LAND,PLOT_OCEAN,PLOT_LAND,PLOT_LAND,PLOT_HILLS,PLOT_OCEAN,PLOT_HILLS,PLOT_OCEAN,PLOT_OCEAN,PLOT_PEAK,PLOT_PEAK,PLOT_LAND,PLOT_LAND,PLOT_OCEAN,PLOT_OCEAN,PLOT_OCEAN,PLOT_OCEAN,PLOT_OCEAN,PLOT_OCEAN,PLOT_OCEAN,PLOT_OCEAN,PLOT_OCEAN,PLOT_OCEAN,PLOT_OCEAN,PLOT_OCEAN,PLOT_OCEAN,PLOT_OCEAN,PLOT_OCEAN,PLOT_OCEAN,PLOT_OCEAN,PLOT_OCEAN,PLOT_OCEAN,PLOT_OCEAN,PLOT_OCEAN,PLOT_OCEAN,PLOT_OCEAN,PLOT_OCEAN,PLOT_OCEAN,PLOT_OCEAN,PLOT_OCEAN,PLOT_OCEAN,PLOT_OCEAN,PLOT_OCEAN,PLOT_OCEAN,PLOT_HILLS,PLOT_LAND,PLOT_LAND,PLOT_LAND,PLOT_OCEAN,PLOT_OCEAN,PLOT_OCEAN,PLOT_LAND,PLOT_LAND,PLOT_LAND,PLOT_HILLS,PLOT_OCEAN,PLOT_HILLS,PLOT_HILLS,PLOT_OCEAN,PLOT_OCEAN,PLOT_LAND,PLOT_OCEAN,PLOT_LAND,PLOT_HILLS,PLOT_PEAK,PLOT_PEAK,PLOT_PEAK,PLOT_HILLS,PLOT_OCEAN,PLOT_LAND,PLOT_HILLS,PLOT_OCEAN,PLOT_OCEAN,PLOT_OCEAN,PLOT_OCEAN,PLOT_OCEAN,PLOT_OCEAN
PLOT_OCEAN,PLOT_LAND,PLOT_OCEAN,PLOT_OCEAN,PLOT_OCEAN,PLOT_OCEAN,PLOT_OCEAN,PLOT_OCEAN,PLOT_OCEAN,PLOT_OCEAN,PLOT_OCEAN,PLOT_OCEAN,PLOT_OCEAN,PLOT_LAND,PLOT_OCEAN,PLOT_OCEAN,PLOT_OCEAN,PLOT_OCEAN,PLOT_OCEAN,PLOT_OCEAN,PLOT_OCEAN,PLOT_OCEAN,PLOT_OCEAN,PLOT_OCEAN,PLOT_OCEAN,PLOT_OCEAN,PLOT_OCEAN,PLOT_PEAK,PLOT_HILLS,PLOT_PEAK,PLOT_PEAK,PLOT_LAND,PLOT_LAND,PLOT_LAND,PLOT_LAND,PLOT_LAND,PLOT_LAND,PLOT_LAND,PLOT_LAND,PLOT_LAND,PLOT_HILLS,PLOT_LAND,PLOT_LAND,PLOT_HILLS,PLOT_LAND,PLOT_LAND,PLOT_HILLS,PLOT_LAND,PLOT_LAND,PLOT_OCEAN,PLOT_OCEAN,PLOT_OCEAN,PLOT_OCEAN,PLOT_OCEAN,PLOT_OCEAN,PLOT_OCEAN,PLOT_OCEAN,PLOT_OCEAN,PLOT_OCEAN,PLOT_OCEAN,PLOT_OCEAN,PLOT_OCEAN,PLOT_OCEAN,PLOT_OCEAN,PLOT_OCEAN,PLOT_OCEAN,PLOT_OCEAN,PLOT_OCEAN,PLOT_OCEAN,PLOT_OCEAN,PLOT_LAND,PLOT_LAND,PLOT_HILLS,PLOT_LAND,PLOT_LAND,PLOT_LAND,PLOT_LAND,PLOT_LAND,PLOT_PEAK,PLOT_HILLS,PLOT_OCEAN,PLOT_OCEAN,PLOT_HILLS,PLOT_HILLS,PLOT_LAND,PLOT_OCEAN,PLOT_OCEAN,PLOT_OCEAN,PLOT_OCEAN,PLOT_OCEAN,PLOT_OCEAN,PLOT_OCEAN,PLOT_OCEAN,PLOT_LAND,PLOT_OCEAN,PLOT_OCEAN,PLOT_OCEAN,PLOT_OCEAN,PLOT_OCEAN,PLOT_OCEAN,PLOT_OCEAN,PLOT_OCEAN,PLOT_OCEAN,PLOT_OCEAN,PLOT_OCEAN,PLOT_OCEAN,PLOT_OCEAN,PLOT_OCEAN,PLOT_OCEAN,PLOT_OCEAN,PLOT_OCEAN,PLOT_OCEAN,PLOT_OCEAN,PLOT_OCEAN,PLOT_OCEAN,PLOT_OCEAN,PLOT_OCEAN,PLOT_OCEAN,PLOT_PEAK,PLOT_HILLS,PLOT_LAND,PLOT_LAND,PLOT_OCEAN,PLOT_OCEAN,PLOT_OCEAN,PLOT_OCEAN,PLOT_OCEAN,PLOT_OCEAN,PLOT_OCEAN,PLOT_LAND,PLOT_OCEAN,PLOT_LAND,PLOT_OCEAN,PLOT_OCEAN,PLOT_OCEAN,PLOT_OCEAN,PLOT_OCEAN,PLOT_OCEAN,PLOT_HILLS,PLOT_LAND,PLOT_PEAK,PLOT_LAND,PLOT_OCEAN,PLOT_OCEAN,PLOT_OCEAN,PLOT_LAND,PLOT_OCEAN,PLOT_OCEAN,PLOT_OCEAN,PLOT_OCEAN
PLOT_OCEAN,PLOT_OCEAN,PLOT_OCEAN,PLOT_OCEAN,PLOT_OCEAN,PLOT_OCEAN,PLOT_OCEAN,PLOT_OCEAN,PLOT_OCEAN,PLOT_OCEAN,PLOT_OCEAN,PLOT_OCEAN,PLOT_OCEAN,PLOT_OCEAN,PLOT_OCEAN,PLOT_OCEAN,PLOT_OCEAN,PLOT_OCEAN,PLOT_OCEAN,PLOT_OCEAN,PLOT_OCEAN,PLOT_OCEAN,PLOT_OCEAN,PLOT_OCEAN,PLOT_OCEAN,PLOT_OCEAN,PLOT_OCEAN,PLOT_HILLS,PLOT_PEAK,PLOT_HILLS,PLOT_PEAK,PLOT_HILLS,PLOT_LAND,PLOT_LAND,PLOT_LAND,PLOT_LAND,PLOT_LAND,PLOT_LAND,PLOT_LAND,PLOT_LAND,PLOT_LAND,PLOT_LAND,PLOT_LAND,PLOT_HILLS,PLOT_HILLS,PLOT_HILLS,PLOT_HILLS,PLOT_LAND,PLOT_OCEAN,PLOT_OCEAN,PLOT_OCEAN,PLOT_OCEAN,PLOT_OCEAN,PLOT_OCEAN,PLOT_OCEAN,PLOT_OCEAN,PLOT_OCEAN,PLOT_OCEAN,PLOT_OCEAN,PLOT_OCEAN,PLOT_OCEAN,PLOT_OCEAN,PLOT_OCEAN,PLOT_OCEAN,PLOT_OCEAN,PLOT_OCEAN,PLOT_OCEAN,PLOT_OCEAN,PLOT_OCEAN,PLOT_OCEAN,PLOT_OCEAN,PLOT_LAND,PLOT_LAND,PLOT_LAND,PLOT_LAND,PLOT_LAND,PLOT_LAND,PLOT_LAND,PLOT_OCEAN,PLOT_PEAK,PLOT_HILLS,PLOT_LAND,PLOT_PEAK,PLOT_LAND,PLOT_OCEAN,PLOT_OCEAN,PLOT_OCEAN,PLOT_OCEAN,PLOT_OCEAN,PLOT_OCEAN,PLOT_OCEAN,PLOT_OCEAN,PLOT_OCEAN,PLOT_OCEAN,PLOT_OCEAN,PLOT_OCEAN,PLOT_OCEAN,PLOT_OCEAN,PLOT_OCEAN,PLOT_OCEAN,PLOT_OCEAN,PLOT_OCEAN,PLOT_OCEAN,PLOT_OCEAN,PLOT_OCEAN,PLOT_OCEAN,PLOT_OCEAN,PLOT_OCEAN,PLOT_OCEAN,PLOT_OCEAN,PLOT_OCEAN,PLOT_OCEAN,PLOT_OCEAN,PLOT_OCEAN,PLOT_OCEAN,PLOT_OCEAN,PLOT_OCEAN,PLOT_OCEAN,PLOT_OCEAN,PLOT_PEAK,PLOT_HILLS,PLOT_LAND,PLOT_OCEAN,PLOT_OCEAN,PLOT_OCEAN,PLOT_OCEAN,PLOT_OCEAN,PLOT_OCEAN,PLOT_OCEAN,PLOT_OCEAN,PLOT_OCEAN,PLOT_OCEAN,PLOT_OCEAN,PLOT_OCEAN,PLOT_LAND,PLOT_OCEAN,PLOT_LAND,PLOT_OCEAN,PLOT_LAND,PLOT_LAND,PLOT_OCEAN,PLOT_HILLS,PLOT_HILLS,PLOT_OCEAN,PLOT_OCEAN,PLOT_OCEAN,PLOT_OCEAN,PLOT_LAND,PLOT_OCEAN,PLOT_OCEAN
PLOT_OCEAN,PLOT_OCEAN,PLOT_OCEAN,PLOT_OCEAN,PLOT_OCEAN,PLOT_OCEAN,PLOT_OCEAN,PLOT_OCEAN,PLOT_OCEAN,PLOT_OCEAN,PLOT_OCEAN,PLOT_OCEAN,PLOT_OCEAN,PLOT_OCEAN,PLOT_OCEAN,PLOT_OCEAN,PLOT_OCEAN,PLOT_OCEAN,PLOT_OCEAN,PLOT_OCEAN,PLOT_OCEAN,PLOT_OCEAN,PLOT_OCEAN,PLOT_OCEAN,PLOT_OCEAN,PLOT_OCEAN,PLOT_OCEAN,PLOT_OCEAN,PLOT_HILLS,PLOT_PEAK,PLOT_PEAK,PLOT_PEAK,PLOT_PEAK,PLOT_PEAK,PLOT_LAND,PLOT_LAND,PLOT_LAND,PLOT_LAND,PLOT_LAND,PLOT_LAND,PLOT_LAND,PLOT_LAND,PLOT_LAND,PLOT_LAND,PLOT_HILLS,PLOT_HILLS,PLOT_HILLS,PLOT_LAND,PLOT_OCEAN,PLOT_OCEAN,PLOT_OCEAN,PLOT_OCEAN,PLOT_OCEAN,PLOT_OCEAN,PLOT_OCEAN,PLOT_OCEAN,PLOT_OCEAN,PLOT_OCEAN,PLOT_OCEAN,PLOT_OCEAN,PLOT_OCEAN,PLOT_OCEAN,PLOT_OCEAN,PLOT_OCEAN,PLOT_OCEAN,PLOT_OCEAN,PLOT_OCEAN,PLOT_OCEAN,PLOT_OCEAN,PLOT_OCEAN,PLOT_OCEAN,PLOT_LAND,PLOT_HILLS,PLOT_LAND,PLOT_HILLS,PLOT_LAND,PLOT_LAND,PLOT_HILLS,PLOT_OCEAN,PLOT_HILLS,PLOT_LAND,PLOT_HILLS,PLOT_HILLS,PLOT_LAND,PLOT_OCEAN,PLOT_LAND,PLOT_OCEAN,PLOT_OCEAN,PLOT_OCEAN,PLOT_OCEAN,PLOT_OCEAN,PLOT_OCEAN,PLOT_OCEAN,PLOT_OCEAN,PLOT_OCEAN,PLOT_OCEAN,PLOT_OCEAN,PLOT_OCEAN,PLOT_OCEAN,PLOT_OCEAN,PLOT_OCEAN,PLOT_OCEAN,PLOT_OCEAN,PLOT_OCEAN,PLOT_OCEAN,PLOT_OCEAN,PLOT_OCEAN,PLOT_OCEAN,PLOT_OCEAN,PLOT_OCEAN,PLOT_OCEAN,PLOT_OCEAN,PLOT_OCEAN,PLOT_OCEAN,PLOT_OCEAN,PLOT_OCEAN,PLOT_OCEAN,PLOT_OCEAN,PLOT_OCEAN,PLOT_OCEAN,PLOT_OCEAN,PLOT_OCEAN,PLOT_OCEAN,PLOT_LAND,PLOT_LAND,PLOT_LAND,PLOT_LAND,PLOT_OCEAN,PLOT_OCEAN,PLOT_OCEAN,PLOT_LAND,PLOT_OCEAN,PLOT_HILLS,PLOT_OCEAN,PLOT_OCEAN,PLOT_OCEAN,PLOT_OCEAN,PLOT_OCEAN,PLOT_OCEAN,PLOT_OCEAN,PLOT_OCEAN,PLOT_OCEAN,PLOT_OCEAN,PLOT_OCEAN,PLOT_OCEAN,PLOT_OCEAN,PLOT_OCEAN,PLOT_OCEAN,PLOT_OCEAN,PLOT_OCEAN
PLOT_OCEAN,PLOT_OCEAN,PLOT_OCEAN,PLOT_OCEAN,PLOT_OCEAN,PLOT_OCEAN,PLOT_OCEAN,PLOT_OCEAN,PLOT_OCEAN,PLOT_OCEAN,PLOT_OCEAN,PLOT_OCEAN,PLOT_OCEAN,PLOT_OCEAN,PLOT_OCEAN,PLOT_OCEAN,PLOT_OCEAN,PLOT_OCEAN,PLOT_OCEAN,PLOT_OCEAN,PLOT_OCEAN,PLOT_OCEAN,PLOT_OCEAN,PLOT_OCEAN,PLOT_OCEAN,PLOT_OCEAN,PLOT_OCEAN,PLOT_OCEAN,PLOT_LAND,PLOT_HILLS,PLOT_HILLS,PLOT_HILLS,PLOT_HILLS,PLOT_PEAK,PLOT_HILLS,PLOT_LAND,PLOT_LAND,PLOT_LAND,PLOT_LAND,PLOT_LAND,PLOT_LAND,PLOT_LAND,PLOT_LAND,PLOT_HILLS,PLOT_HILLS,PLOT_HILLS,PLOT_PEAK,PLOT_LAND,PLOT_OCEAN,PLOT_OCEAN,PLOT_OCEAN,PLOT_OCEAN,PLOT_OCEAN,PLOT_OCEAN,PLOT_OCEAN,PLOT_OCEAN,PLOT_OCEAN,PLOT_OCEAN,PLOT_OCEAN,PLOT_OCEAN,PLOT_OCEAN,PLOT_OCEAN,PLOT_OCEAN,PLOT_OCEAN,PLOT_OCEAN,PLOT_OCEAN,PLOT_OCEAN,PLOT_OCEAN,PLOT_OCEAN,PLOT_OCEAN,PLOT_OCEAN,PLOT_LAND,PLOT_HILLS,PLOT_LAND,PLOT_HILLS,PLOT_LAND,PLOT_HILLS,PLOT_HILLS,PLOT_OCEAN,PLOT_HILLS,PLOT_OCEAN,PLOT_HILLS,PLOT_LAND,PLOT_LAND,PLOT_OCEAN,PLOT_OCEAN,PLOT_OCEAN,PLOT_OCEAN,PLOT_OCEAN,PLOT_OCEAN,PLOT_OCEAN,PLOT_OCEAN,PLOT_OCEAN,PLOT_OCEAN,PLOT_OCEAN,PLOT_OCEAN,PLOT_OCEAN,PLOT_OCEAN,PLOT_OCEAN,PLOT_OCEAN,PLOT_OCEAN,PLOT_OCEAN,PLOT_OCEAN,PLOT_OCEAN,PLOT_OCEAN,PLOT_OCEAN,PLOT_OCEAN,PLOT_OCEAN,PLOT_OCEAN,PLOT_OCEAN,PLOT_OCEAN,PLOT_OCEAN,PLOT_OCEAN,PLOT_OCEAN,PLOT_OCEAN,PLOT_OCEAN,PLOT_OCEAN,PLOT_OCEAN,PLOT_OCEAN,PLOT_OCEAN,PLOT_OCEAN,PLOT_OCEAN,PLOT_LAND,PLOT_HILLS,PLOT_PEAK,PLOT_LAND,PLOT_HILLS,PLOT_LAND,PLOT_LAND,PLOT_OCEAN,PLOT_OCEAN,PLOT_LAND,PLOT_OCEAN,PLOT_OCEAN,PLOT_OCEAN,PLOT_OCEAN,PLOT_OCEAN,PLOT_OCEAN,PLOT_OCEAN,PLOT_LAND,PLOT_OCEAN,PLOT_OCEAN,PLOT_OCEAN,PLOT_OCEAN,PLOT_OCEAN,PLOT_OCEAN,PLOT_OCEAN,PLOT_OCEAN,PLOT_OCEAN,PLOT_OCEAN
PLOT_OCEAN,PLOT_OCEAN,PLOT_OCEAN,PLOT_OCEAN,PLOT_LAND,PLOT_OCEAN,PLOT_OCEAN,PLOT_OCEAN,PLOT_OCEAN,PLOT_OCEAN,PLOT_OCEAN,PLOT_OCEAN,PLOT_OCEAN,PLOT_OCEAN,PLOT_OCEAN,PLOT_OCEAN,PLOT_OCEAN,PLOT_OCEAN,PLOT_OCEAN,PLOT_OCEAN,PLOT_OCEAN,PLOT_OCEAN,PLOT_OCEAN,PLOT_OCEAN,PLOT_OCEAN,PLOT_OCEAN,PLOT_OCEAN,PLOT_OCEAN,PLOT_OCEAN,PLOT_LAND,PLOT_PEAK,PLOT_PEAK,PLOT_HILLS,PLOT_PEAK,PLOT_PEAK,PLOT_PEAK,PLOT_LAND,PLOT_LAND,PLOT_LAND,PLOT_LAND,PLOT_LAND,PLOT_LAND,PLOT_HILLS,PLOT_HILLS,PLOT_HILLS,PLOT_HILLS,PLOT_PEAK,PLOT_LAND,PLOT_OCEAN,PLOT_OCEAN,PLOT_OCEAN,PLOT_OCEAN,PLOT_OCEAN,PLOT_OCEAN,PLOT_OCEAN,PLOT_OCEAN,PLOT_OCEAN,PLOT_OCEAN,PLOT_OCEAN,PLOT_OCEAN,PLOT_OCEAN,PLOT_OCEAN,PLOT_OCEAN,PLOT_OCEAN,PLOT_OCEAN,PLOT_OCEAN,PLOT_OCEAN,PLOT_OCEAN,PLOT_OCEAN,PLOT_OCEAN,PLOT_OCEAN,PLOT_LAND,PLOT_HILLS,PLOT_LAND,PLOT_LAND,PLOT_LAND,PLOT_PEAK,PLOT_OCEAN,PLOT_LAND,PLOT_PEAK,PLOT_HILLS,PLOT_PEAK,PLOT_LAND,PLOT_LAND,PLOT_LAND,PLOT_OCEAN,PLOT_OCEAN,PLOT_OCEAN,PLOT_OCEAN,PLOT_OCEAN,PLOT_OCEAN,PLOT_OCEAN,PLOT_OCEAN,PLOT_OCEAN,PLOT_OCEAN,PLOT_OCEAN,PLOT_OCEAN,PLOT_OCEAN,PLOT_OCEAN,PLOT_OCEAN,PLOT_OCEAN,PLOT_OCEAN,PLOT_OCEAN,PLOT_OCEAN,PLOT_OCEAN,PLOT_OCEAN,PLOT_OCEAN,PLOT_OCEAN,PLOT_OCEAN,PLOT_OCEAN,PLOT_OCEAN,PLOT_OCEAN,PLOT_OCEAN,PLOT_OCEAN,PLOT_OCEAN,PLOT_OCEAN,PLOT_OCEAN,PLOT_OCEAN,PLOT_OCEAN,PLOT_OCEAN,PLOT_OCEAN,PLOT_OCEAN,PLOT_OCEAN,PLOT_OCEAN,PLOT_OCEAN,PLOT_OCEAN,PLOT_OCEAN,PLOT_OCEAN,PLOT_OCEAN,PLOT_OCEAN,PLOT_OCEAN,PLOT_OCEAN,PLOT_OCEAN,PLOT_OCEAN,PLOT_OCEAN,PLOT_HILLS,PLOT_LAND,PLOT_OCEAN,PLOT_OCEAN,PLOT_LAND,PLOT_OCEAN,PLOT_OCEAN,PLOT_OCEAN,PLOT_OCEAN,PLOT_OCEAN,PLOT_OCEAN,PLOT_OCEAN,PLOT_OCEAN,PLOT_LAND,PLOT_OCEAN
PLOT_OCEAN,PLOT_LAND,PLOT_OCEAN,PLOT_OCEAN,PLOT_OCEAN,PLOT_OCEAN,PLOT_OCEAN,PLOT_OCEAN,PLOT_OCEAN,PLOT_OCEAN,PLOT_LAND,PLOT_OCEAN,PLOT_OCEAN,PLOT_OCEAN,PLOT_OCEAN,PLOT_OCEAN,PLOT_OCEAN,PLOT_OCEAN,PLOT_OCEAN,PLOT_OCEAN,PLOT_OCEAN,PLOT_OCEAN,PLOT_OCEAN,PLOT_OCEAN,PLOT_OCEAN,PLOT_OCEAN,PLOT_OCEAN,PLOT_OCEAN,PLOT_OCEAN,PLOT_OCEAN,PLOT_LAND,PLOT_HILLS,PLOT_PEAK,PLOT_OCEAN,PLOT_HILLS,PLOT_PEAK,PLOT_PEAK,PLOT_LAND,PLOT_LAND,PLOT_LAND,PLOT_LAND,PLOT_LAND,PLOT_LAND,PLOT_HILLS,PLOT_HILLS,PLOT_PEAK,PLOT_HILLS,PLOT_LAND,PLOT_OCEAN,PLOT_OCEAN,PLOT_OCEAN,PLOT_OCEAN,PLOT_OCEAN,PLOT_OCEAN,PLOT_OCEAN,PLOT_OCEAN,PLOT_OCEAN,PLOT_OCEAN,PLOT_OCEAN,PLOT_OCEAN,PLOT_LAND,PLOT_OCEAN,PLOT_OCEAN,PLOT_OCEAN,PLOT_OCEAN,PLOT_OCEAN,PLOT_OCEAN,PLOT_OCEAN,PLOT_OCEAN,PLOT_OCEAN,PLOT_OCEAN,PLOT_LAND,PLOT_HILLS,PLOT_LAND,PLOT_LAND,PLOT_HILLS,PLOT_LAND,PLOT_HILLS,PLOT_OCEAN,PLOT_HILLS,PLOT_PEAK,PLOT_OCEAN,PLOT_HILLS,PLOT_LAND,PLOT_LAND,PLOT_OCEAN,PLOT_OCEAN,PLOT_OCEAN,PLOT_OCEAN,PLOT_OCEAN,PLOT_OCEAN,PLOT_OCEAN,PLOT_OCEAN,PLOT_OCEAN,PLOT_OCEAN,PLOT_OCEAN,PLOT_OCEAN,PLOT_OCEAN,PLOT_OCEAN,PLOT_OCEAN,PLOT_OCEAN,PLOT_OCEAN,PLOT_OCEAN,PLOT_OCEAN,PLOT_OCEAN,PLOT_OCEAN,PLOT_OCEAN,PLOT_OCEAN,PLOT_OCEAN,PLOT_OCEAN,PLOT_OCEAN,PLOT_OCEAN,PLOT_OCEAN,PLOT_OCEAN,PLOT_OCEAN,PLOT_OCEAN,PLOT_OCEAN,PLOT_OCEAN,PLOT_OCEAN,PLOT_OCEAN,PLOT_OCEAN,PLOT_OCEAN,PLOT_OCEAN,PLOT_OCEAN,PLOT_OCEAN,PLOT_OCEAN,PLOT_OCEAN,PLOT_OCEAN,PLOT_OCEAN,PLOT_OCEAN,PLOT_OCEAN,PLOT_OCEAN,PLOT_LAND,PLOT_OCEAN,PLOT_LAND,PLOT_LAND,PLOT_LAND,PLOT_OCEAN,PLOT_OCEAN,PLOT_LAND,PLOT_LAND,PLOT_OCEAN,PLOT_OCEAN,PLOT_OCEAN,PLOT_OCEAN,PLOT_OCEAN,PLOT_OCEAN,PLOT_OCEAN,PLOT_OCEAN,PLOT_OCEAN
PLOT_OCEAN,PLOT_OCEAN,PLOT_OCEAN,PLOT_OCEAN,PLOT_OCEAN,PLOT_LAND,PLOT_OCEAN,PLOT_OCEAN,PLOT_OCEAN,PLOT_OCEAN,PLOT_OCEAN,PLOT_OCEAN,PLOT_LAND,PLOT_OCEAN,PLOT_OCEAN,PLOT_OCEAN,PLOT_OCEAN,PLOT_OCEAN,PLOT_OCEAN,PLOT_OCEAN,PLOT_OCEAN,PLOT_OCEAN,PLOT_OCEAN,PLOT_OCEAN,PLOT_OCEAN,PLOT_OCEAN,PLOT_OCEAN,PLOT_OCEAN,PLOT_OCEAN,PLOT_OCEAN,PLOT_OCEAN,PLOT_OCEAN,PLOT_LAND,PLOT_PEAK,PLOT_LAND,PLOT_HILLS,PLOT_PEAK,PLOT_HILLS,PLOT_LAND,PLOT_LAND,PLOT_LAND,PLOT_LAND,PLOT_LAND,PLOT_LAND,PLOT_HILLS,PLOT_HILLS,PLOT_LAND,PLOT_OCEAN,PLOT_OCEAN,PLOT_OCEAN,PLOT_OCEAN,PLOT_OCEAN,PLOT_OCEAN,PLOT_OCEAN,PLOT_OCEAN,PLOT_OCEAN,PLOT_OCEAN,PLOT_OCEAN,PLOT_OCEAN,PLOT_OCEAN,PLOT_OCEAN,PLOT_OCEAN,PLOT_OCEAN,PLOT_OCEAN,PLOT_OCEAN,PLOT_OCEAN,PLOT_OCEAN,PLOT_OCEAN,PLOT_OCEAN,PLOT_OCEAN,PLOT_LAND,PLOT_HILLS,PLOT_PEAK,PLOT_LAND,PLOT_LAND,PLOT_LAND,PLOT_HILLS,PLOT_HILLS,PLOT_LAND,PLOT_LAND,PLOT_HILLS,PLOT_OCEAN,PLOT_HILLS,PLOT_LAND,PLOT_LAND,PLOT_OCEAN,PLOT_OCEAN,PLOT_OCEAN,PLOT_OCEAN,PLOT_OCEAN,PLOT_LAND,PLOT_OCEAN,PLOT_OCEAN,PLOT_OCEAN,PLOT_OCEAN,PLOT_OCEAN,PLOT_OCEAN,PLOT_OCEAN,PLOT_OCEAN,PLOT_OCEAN,PLOT_OCEAN,PLOT_OCEAN,PLOT_OCEAN,PLOT_OCEAN,PLOT_OCEAN,PLOT_OCEAN,PLOT_OCEAN,PLOT_OCEAN,PLOT_OCEAN,PLOT_OCEAN,PLOT_OCEAN,PLOT_OCEAN,PLOT_OCEAN,PLOT_OCEAN,PLOT_OCEAN,PLOT_OCEAN,PLOT_OCEAN,PLOT_OCEAN,PLOT_OCEAN,PLOT_OCEAN,PLOT_OCEAN,PLOT_OCEAN,PLOT_OCEAN,PLOT_OCEAN,PLOT_OCEAN,PLOT_OCEAN,PLOT_OCEAN,PLOT_OCEAN,PLOT_OCEAN,PLOT_OCEAN,PLOT_OCEAN,PLOT_LAND,PLOT_HILLS,PLOT_LAND,PLOT_LAND,PLOT_LAND,PLOT_LAND,PLOT_LAND,PLOT_OCEAN,PLOT_LAND,PLOT_HILLS,PLOT_OCEAN,PLOT_OCEAN,PLOT_OCEAN,PLOT_OCEAN,PLOT_OCEAN,PLOT_OCEAN,PLOT_HILLS,PLOT_OCEAN,PLOT_OCEAN
PLOT_OCEAN,PLOT_OCEAN,PLOT_OCEAN,PLOT_LAND,PLOT_OCEAN,PLOT_OCEAN,PLOT_OCEAN,PLOT_OCEAN,PLOT_OCEAN,PLOT_OCEAN,PLOT_OCEAN,PLOT_OCEAN,PLOT_OCEAN,PLOT_OCEAN,PLOT_OCEAN,PLOT_OCEAN,PLOT_OCEAN,PLOT_OCEAN,PLOT_OCEAN,PLOT_OCEAN,PLOT_OCEAN,PLOT_OCEAN,PLOT_OCEAN,PLOT_OCEAN,PLOT_OCEAN,PLOT_OCEAN,PLOT_OCEAN,PLOT_OCEAN,PLOT_OCEAN,PLOT_OCEAN,PLOT_OCEAN,PLOT_OCEAN,PLOT_OCEAN,PLOT_HILLS,PLOT_PEAK,PLOT_PEAK,PLOT_PEAK,PLOT_LAND,PLOT_LAND,PLOT_LAND,PLOT_LAND,PLOT_HILLS,PLOT_HILLS,PLOT_LAND,PLOT_HILLS,PLOT_OCEAN,PLOT_OCEAN,PLOT_OCEAN,PLOT_OCEAN,PLOT_OCEAN,PLOT_OCEAN,PLOT_OCEAN,PLOT_OCEAN,PLOT_OCEAN,PLOT_OCEAN,PLOT_OCEAN,PLOT_OCEAN,PLOT_OCEAN,PLOT_OCEAN,PLOT_OCEAN,PLOT_OCEAN,PLOT_OCEAN,PLOT_OCEAN,PLOT_OCEAN,PLOT_OCEAN,PLOT_OCEAN,PLOT_OCEAN,PLOT_OCEAN,PLOT_OCEAN,PLOT_OCEAN,PLOT_LAND,PLOT_HILLS,PLOT_HILLS,PLOT_LAND,PLOT_LAND,PLOT_LAND,PLOT_LAND,PLOT_LAND,PLOT_LAND,PLOT_HILLS,PLOT_HILLS,PLOT_OCEAN,PLOT_LAND,PLOT_HILLS,PLOT_LAND,PLOT_OCEAN,PLOT_OCEAN,PLOT_OCEAN,PLOT_OCEAN,PLOT_LAND,PLOT_PEAK,PLOT_OCEAN,PLOT_OCEAN,PLOT_OCEAN,PLOT_OCEAN,PLOT_OCEAN,PLOT_OCEAN,PLOT_OCEAN,PLOT_OCEAN,PLOT_OCEAN,PLOT_OCEAN,PLOT_OCEAN,PLOT_OCEAN,PLOT_OCEAN,PLOT_OCEAN,PLOT_OCEAN,PLOT_OCEAN,PLOT_OCEAN,PLOT_OCEAN,PLOT_OCEAN,PLOT_OCEAN,PLOT_OCEAN,PLOT_OCEAN,PLOT_OCEAN,PLOT_OCEAN,PLOT_OCEAN,PLOT_OCEAN,PLOT_OCEAN,PLOT_OCEAN,PLOT_OCEAN,PLOT_OCEAN,PLOT_OCEAN,PLOT_OCEAN,PLOT_OCEAN,PLOT_OCEAN,PLOT_OCEAN,PLOT_OCEAN,PLOT_OCEAN,PLOT_OCEAN,PLOT_OCEAN,PLOT_LAND,PLOT_LAND,PLOT_LAND,PLOT_HILLS,PLOT_HILLS,PLOT_LAND,PLOT_LAND,PLOT_LAND,PLOT_LAND,PLOT_LAND,PLOT_HILLS,PLOT_HILLS,PLOT_OCEAN,PLOT_OCEAN,PLOT_OCEAN,PLOT_OCEAN,PLOT_OCEAN,PLOT_OCEAN,PLOT_LAND,PLOT_OCEAN
PLOT_OCEAN,PLOT_OCEAN,PLOT_OCEAN,PLOT_OCEAN,PLOT_OCEAN,PLOT_OCEAN,PLOT_OCEAN,PLOT_OCEAN,PLOT_OCEAN,PLOT_LAND,PLOT_OCEAN,PLOT_OCEAN,PLOT_OCEAN,PLOT_OCEAN,PLOT_OCEAN,PLOT_OCEAN,PLOT_LAND,PLOT_OCEAN,PLOT_OCEAN,PLOT_OCEAN,PLOT_OCEAN,PLOT_OCEAN,PLOT_OCEAN,PLOT_OCEAN,PLOT_OCEAN,PLOT_OCEAN,PLOT_OCEAN,PLOT_OCEAN,PLOT_OCEAN,PLOT_OCEAN,PLOT_OCEAN,PLOT_OCEAN,PLOT_OCEAN,PLOT_LAND,PLOT_LAND,PLOT_PEAK,PLOT_HILLS,PLOT_LAND,PLOT_LAND,PLOT_LAND,PLOT_LAND,PLOT_LAND,PLOT_HILLS,PLOT_HILLS,PLOT_OCEAN,PLOT_OCEAN,PLOT_OCEAN,PLOT_OCEAN,PLOT_OCEAN,PLOT_OCEAN,PLOT_OCEAN,PLOT_OCEAN,PLOT_OCEAN,PLOT_OCEAN,PLOT_OCEAN,PLOT_OCEAN,PLOT_OCEAN,PLOT_OCEAN,PLOT_OCEAN,PLOT_OCEAN,PLOT_OCEAN,PLOT_OCEAN,PLOT_OCEAN,PLOT_OCEAN,PLOT_OCEAN,PLOT_OCEAN,PLOT_OCEAN,PLOT_OCEAN,PLOT_OCEAN,PLOT_OCEAN,PLOT_LAND,PLOT_LAND,PLOT_LAND,PLOT_LAND,PLOT_LAND,PLOT_LAND,PLOT_LAND,PLOT_LAND,PLOT_HILLS,PLOT_LAND,PLOT_LAND,PLOT_HILLS,PLOT_PEAK,PLOT_LAND,PLOT_LAND,PLOT_OCEAN,PLOT_OCEAN,PLOT_OCEAN,PLOT_LAND,PLOT_HILLS,PLOT_LAND,PLOT_OCEAN,PLOT_OCEAN,PLOT_OCEAN,PLOT_OCEAN,PLOT_OCEAN,PLOT_HILLS,PLOT_OCEAN,PLOT_OCEAN,PLOT_OCEAN,PLOT_OCEAN,PLOT_OCEAN,PLOT_OCEAN,PLOT_OCEAN,PLOT_OCEAN,PLOT_OCEAN,PLOT_OCEAN,PLOT_OCEAN,PLOT_OCEAN,PLOT_OCEAN,PLOT_OCEAN,PLOT_OCEAN,PLOT_OCEAN,PLOT_OCEAN,PLOT_OCEAN,PLOT_OCEAN,PLOT_OCEAN,PLOT_OCEAN,PLOT_OCEAN,PLOT_OCEAN,PLOT_OCEAN,PLOT_OCEAN,PLOT_OCEAN,PLOT_OCEAN,PLOT_OCEAN,PLOT_OCEAN,PLOT_OCEAN,PLOT_OCEAN,PLOT_LAND,PLOT_LAND,PLOT_LAND,PLOT_LAND,PLOT_LAND,PLOT_LAND,PLOT_LAND,PLOT_LAND,PLOT_HILLS,PLOT_LAND,PLOT_LAND,PLOT_LAND,PLOT_HILLS,PLOT_LAND,PLOT_LAND,PLOT_OCEAN,PLOT_OCEAN,PLOT_OCEAN,PLOT_OCEAN,PLOT_OCEAN,PLOT_OCEAN,PLOT_OCEAN
PLOT_OCEAN,PLOT_OCEAN,PLOT_OCEAN,PLOT_OCEAN,PLOT_OCEAN,PLOT_OCEAN,PLOT_OCEAN,PLOT_OCEAN,PLOT_OCEAN,PLOT_OCEAN,PLOT_OCEAN,PLOT_OCEAN,PLOT_OCEAN,PLOT_OCEAN,PLOT_OCEAN,PLOT_OCEAN,PLOT_OCEAN,PLOT_OCEAN,PLOT_OCEAN,PLOT_OCEAN,PLOT_LAND,PLOT_OCEAN,PLOT_OCEAN,PLOT_OCEAN,PLOT_OCEAN,PLOT_OCEAN,PLOT_OCEAN,PLOT_OCEAN,PLOT_OCEAN,PLOT_OCEAN,PLOT_OCEAN,PLOT_OCEAN,PLOT_OCEAN,PLOT_LAND,PLOT_PEAK,PLOT_PEAK,PLOT_LAND,PLOT_LAND,PLOT_LAND,PLOT_LAND,PLOT_LAND,PLOT_LAND,PLOT_HILLS,PLOT_HILLS,PLOT_OCEAN,PLOT_OCEAN,PLOT_OCEAN,PLOT_OCEAN,PLOT_OCEAN,PLOT_OCEAN,PLOT_OCEAN,PLOT_OCEAN,PLOT_OCEAN,PLOT_OCEAN,PLOT_OCEAN,PLOT_OCEAN,PLOT_OCEAN,PLOT_OCEAN,PLOT_OCEAN,PLOT_OCEAN,PLOT_OCEAN,PLOT_OCEAN,PLOT_OCEAN,PLOT_OCEAN,PLOT_OCEAN,PLOT_OCEAN,PLOT_OCEAN,PLOT_OCEAN,PLOT_OCEAN,PLOT_OCEAN,PLOT_LAND,PLOT_LAND,PLOT_LAND,PLOT_LAND,PLOT_LAND,PLOT_LAND,PLOT_LAND,PLOT_LAND,PLOT_LAND,PLOT_HILLS,PLOT_PEAK,PLOT_LAND,PLOT_LAND,PLOT_OCEAN,PLOT_OCEAN,PLOT_OCEAN,PLOT_OCEAN,PLOT_OCEAN,PLOT_LAND,PLOT_HILLS,PLOT_LAND,PLOT_OCEAN,PLOT_OCEAN,PLOT_OCEAN,PLOT_HILLS,PLOT_OCEAN,PLOT_OCEAN,PLOT_OCEAN,PLOT_OCEAN,PLOT_OCEAN,PLOT_OCEAN,PLOT_OCEAN,PLOT_OCEAN,PLOT_OCEAN,PLOT_OCEAN,PLOT_OCEAN,PLOT_OCEAN,PLOT_OCEAN,PLOT_OCEAN,PLOT_OCEAN,PLOT_OCEAN,PLOT_OCEAN,PLOT_OCEAN,PLOT_OCEAN,PLOT_OCEAN,PLOT_OCEAN,PLOT_OCEAN,PLOT_OCEAN,PLOT_OCEAN,PLOT_OCEAN,PLOT_OCEAN,PLOT_OCEAN,PLOT_OCEAN,PLOT_OCEAN,PLOT_OCEAN,PLOT_OCEAN,PLOT_LAND,PLOT_LAND,PLOT_HILLS,PLOT_HILLS,PLOT_LAND,PLOT_LAND,PLOT_LAND,PLOT_HILLS,PLOT_PEAK,PLOT_HILLS,PLOT_LAND,PLOT_LAND,PLOT_LAND,PLOT_LAND,PLOT_LAND,PLOT_HILLS,PLOT_LAND,PLOT_LAND,PLOT_OCEAN,PLOT_OCEAN,PLOT_OCEAN,PLOT_OCEAN,PLOT_OCEAN,PLOT_OCEAN
PLOT_OCEAN,PLOT_OCEAN,PLOT_OCEAN,PLOT_OCEAN,PLOT_OCEAN,PLOT_OCEAN,PLOT_OCEAN,PLOT_OCEAN,PLOT_OCEAN,PLOT_OCEAN,PLOT_OCEAN,PLOT_OCEAN,PLOT_OCEAN,PLOT_OCEAN,PLOT_OCEAN,PLOT_OCEAN,PLOT_OCEAN,PLOT_OCEAN,PLOT_OCEAN,PLOT_OCEAN,PLOT_OCEAN,PLOT_OCEAN,PLOT_OCEAN,PLOT_OCEAN,PLOT_OCEAN,PLOT_OCEAN,PLOT_OCEAN,PLOT_OCEAN,PLOT_OCEAN,PLOT_OCEAN,PLOT_OCEAN,PLOT_OCEAN,PLOT_OCEAN,PLOT_LAND,PLOT_PEAK,PLOT_HILLS,PLOT_HILLS,PLOT_LAND,PLOT_LAND,PLOT_LAND,PLOT_LAND,PLOT_LAND,PLOT_HILLS,PLOT_OCEAN,PLOT_OCEAN,PLOT_OCEAN,PLOT_OCEAN,PLOT_OCEAN,PLOT_OCEAN,PLOT_OCEAN,PLOT_OCEAN,PLOT_OCEAN,PLOT_OCEAN,PLOT_OCEAN,PLOT_OCEAN,PLOT_OCEAN,PLOT_OCEAN,PLOT_OCEAN,PLOT_OCEAN,PLOT_OCEAN,PLOT_OCEAN,PLOT_OCEAN,PLOT_OCEAN,PLOT_OCEAN,PLOT_OCEAN,PLOT_OCEAN,PLOT_OCEAN,PLOT_OCEAN,PLOT_OCEAN,PLOT_OCEAN,PLOT_OCEAN,PLOT_PEAK,PLOT_LAND,PLOT_LAND,PLOT_LAND,PLOT_LAND,PLOT_LAND,PLOT_LAND,PLOT_HILLS,PLOT_LAND,PLOT_HILLS,PLOT_LAND,PLOT_OCEAN,PLOT_OCEAN,PLOT_OCEAN,PLOT_OCEAN,PLOT_OCEAN,PLOT_LAND,PLOT_HILLS,PLOT_PEAK,PLOT_OCEAN,PLOT_OCEAN,PLOT_OCEAN,PLOT_OCEAN,PLOT_OCEAN,PLOT_OCEAN,PLOT_OCEAN,PLOT_OCEAN,PLOT_OCEAN,PLOT_OCEAN,PLOT_OCEAN,PLOT_OCEAN,PLOT_OCEAN,PLOT_OCEAN,PLOT_OCEAN,PLOT_OCEAN,PLOT_OCEAN,PLOT_OCEAN,PLOT_OCEAN,PLOT_OCEAN,PLOT_OCEAN,PLOT_OCEAN,PLOT_OCEAN,PLOT_OCEAN,PLOT_OCEAN,PLOT_OCEAN,PLOT_OCEAN,PLOT_OCEAN,PLOT_OCEAN,PLOT_OCEAN,PLOT_OCEAN,PLOT_OCEAN,PLOT_OCEAN,PLOT_OCEAN,PLOT_OCEAN,PLOT_OCEAN,PLOT_LAND,PLOT_HILLS,PLOT_PEAK,PLOT_LAND,PLOT_LAND,PLOT_LAND,PLOT_LAND,PLOT_LAND,PLOT_LAND,PLOT_LAND,PLOT_LAND,PLOT_LAND,PLOT_LAND,PLOT_LAND,PLOT_LAND,PLOT_HILLS,PLOT_LAND,PLOT_LAND,PLOT_OCEAN,PLOT_OCEAN,PLOT_OCEAN,PLOT_OCEAN,PLOT_OCEAN,PLOT_OCEAN
PLOT_OCEAN,PLOT_OCEAN,PLOT_OCEAN,PLOT_OCEAN,PLOT_OCEAN,PLOT_OCEAN,PLOT_OCEAN,PLOT_OCEAN,PLOT_OCEAN,PLOT_OCEAN,PLOT_OCEAN,PLOT_OCEAN,PLOT_OCEAN,PLOT_OCEAN,PLOT_OCEAN,PLOT_OCEAN,PLOT_OCEAN,PLOT_OCEAN,PLOT_OCEAN,PLOT_OCEAN,PLOT_OCEAN,PLOT_OCEAN,PLOT_OCEAN,PLOT_OCEAN,PLOT_OCEAN,PLOT_OCEAN,PLOT_OCEAN,PLOT_OCEAN,PLOT_OCEAN,PLOT_OCEAN,PLOT_OCEAN,PLOT_OCEAN,PLOT_OCEAN,PLOT_HILLS,PLOT_PEAK,PLOT_LAND,PLOT_OCEAN,PLOT_LAND,PLOT_LAND,PLOT_LAND,PLOT_LAND,PLOT_LAND,PLOT_LAND,PLOT_OCEAN,PLOT_OCEAN,PLOT_OCEAN,PLOT_OCEAN,PLOT_OCEAN,PLOT_OCEAN,PLOT_OCEAN,PLOT_OCEAN,PLOT_OCEAN,PLOT_OCEAN,PLOT_OCEAN,PLOT_OCEAN,PLOT_OCEAN,PLOT_OCEAN,PLOT_OCEAN,PLOT_OCEAN,PLOT_OCEAN,PLOT_OCEAN,PLOT_OCEAN,PLOT_OCEAN,PLOT_OCEAN,PLOT_OCEAN,PLOT_OCEAN,PLOT_OCEAN,PLOT_OCEAN,PLOT_OCEAN,PLOT_OCEAN,PLOT_OCEAN,PLOT_LAND,PLOT_HILLS,PLOT_LAND,PLOT_LAND,PLOT_LAND,PLOT_LAND,PLOT_HILLS,PLOT_HILLS,PLOT_HILLS,PLOT_LAND,PLOT_LAND,PLOT_OCEAN,PLOT_OCEAN,PLOT_OCEAN,PLOT_OCEAN,PLOT_OCEAN,PLOT_LAND,PLOT_LAND,PLOT_PEAK,PLOT_OCEAN,PLOT_OCEAN,PLOT_OCEAN,PLOT_OCEAN,PLOT_OCEAN,PLOT_OCEAN,PLOT_OCEAN,PLOT_OCEAN,PLOT_OCEAN,PLOT_OCEAN,PLOT_OCEAN,PLOT_OCEAN,PLOT_OCEAN,PLOT_OCEAN,PLOT_OCEAN,PLOT_OCEAN,PLOT_OCEAN,PLOT_OCEAN,PLOT_OCEAN,PLOT_OCEAN,PLOT_OCEAN,PLOT_OCEAN,PLOT_OCEAN,PLOT_OCEAN,PLOT_OCEAN,PLOT_OCEAN,PLOT_OCEAN,PLOT_OCEAN,PLOT_OCEAN,PLOT_OCEAN,PLOT_OCEAN,PLOT_OCEAN,PLOT_OCEAN,PLOT_OCEAN,PLOT_OCEAN,PLOT_OCEAN,PLOT_LAND,PLOT_LAND,PLOT_LAND,PLOT_LAND,PLOT_LAND,PLOT_LAND,PLOT_HILLS,PLOT_PEAK,PLOT_HILLS,PLOT_LAND,PLOT_LAND,PLOT_LAND,PLOT_LAND,PLOT_LAND,PLOT_LAND,PLOT_LAND,PLOT_HILLS,PLOT_LAND,PLOT_OCEAN,PLOT_OCEAN,PLOT_OCEAN,PLOT_OCEAN,PLOT_OCEAN,PLOT_OCEAN
PLOT_OCEAN,PLOT_OCEAN,PLOT_OCEAN,PLOT_OCEAN,PLOT_OCEAN,PLOT_OCEAN,PLOT_OCEAN,PLOT_OCEAN,PLOT_OCEAN,PLOT_OCEAN,PLOT_OCEAN,PLOT_OCEAN,PLOT_OCEAN,PLOT_OCEAN,PLOT_OCEAN,PLOT_OCEAN,PLOT_OCEAN,PLOT_OCEAN,PLOT_OCEAN,PLOT_OCEAN,PLOT_OCEAN,PLOT_OCEAN,PLOT_OCEAN,PLOT_OCEAN,PLOT_OCEAN,PLOT_OCEAN,PLOT_OCEAN,PLOT_OCEAN,PLOT_OCEAN,PLOT_OCEAN,PLOT_OCEAN,PLOT_OCEAN,PLOT_OCEAN,PLOT_HILLS,PLOT_PEAK,PLOT_HILLS,PLOT_HILLS,PLOT_LAND,PLOT_LAND,PLOT_LAND,PLOT_LAND,PLOT_LAND,PLOT_OCEAN,PLOT_OCEAN,PLOT_OCEAN,PLOT_OCEAN,PLOT_OCEAN,PLOT_OCEAN,PLOT_OCEAN,PLOT_OCEAN,PLOT_OCEAN,PLOT_OCEAN,PLOT_OCEAN,PLOT_OCEAN,PLOT_OCEAN,PLOT_OCEAN,PLOT_OCEAN,PLOT_OCEAN,PLOT_OCEAN,PLOT_OCEAN,PLOT_OCEAN,PLOT_OCEAN,PLOT_OCEAN,PLOT_OCEAN,PLOT_OCEAN,PLOT_OCEAN,PLOT_OCEAN,PLOT_OCEAN,PLOT_OCEAN,PLOT_OCEAN,PLOT_OCEAN,PLOT_LAND,PLOT_HILLS,PLOT_LAND,PLOT_LAND,PLOT_LAND,PLOT_LAND,PLOT_HILLS,PLOT_HILLS,PLOT_LAND,PLOT_LAND,PLOT_LAND,PLOT_OCEAN,PLOT_OCEAN,PLOT_OCEAN,PLOT_OCEAN,PLOT_OCEAN,PLOT_OCEAN,PLOT_LAND,PLOT_OCEAN,PLOT_OCEAN,PLOT_OCEAN,PLOT_OCEAN,PLOT_OCEAN,PLOT_OCEAN,PLOT_OCEAN,PLOT_OCEAN,PLOT_OCEAN,PLOT_OCEAN,PLOT_OCEAN,PLOT_OCEAN,PLOT_OCEAN,PLOT_OCEAN,PLOT_OCEAN,PLOT_OCEAN,PLOT_OCEAN,PLOT_OCEAN,PLOT_OCEAN,PLOT_OCEAN,PLOT_OCEAN,PLOT_OCEAN,PLOT_OCEAN,PLOT_OCEAN,PLOT_OCEAN,PLOT_OCEAN,PLOT_OCEAN,PLOT_OCEAN,PLOT_OCEAN,PLOT_OCEAN,PLOT_OCEAN,PLOT_OCEAN,PLOT_OCEAN,PLOT_OCEAN,PLOT_OCEAN,PLOT_OCEAN,PLOT_OCEAN,PLOT_LAND,PLOT_LAND,PLOT_HILLS,PLOT_HILLS,PLOT_LAND,PLOT_LAND,PLOT_LAND,PLOT_LAND,PLOT_LAND,PLOT_HILLS,PLOT_OCEAN,PLOT_LAND,PLOT_LAND,PLOT_LAND,PLOT_LAND,PLOT_LAND,PLOT_HILLS,PLOT_LAND,PLOT_OCEAN,PLOT_OCEAN,PLOT_OCEAN,PLOT_OCEAN,PLOT_OCEAN,PLOT_OCEAN
PLOT_OCEAN,PLOT_OCEAN,PLOT_OCEAN,PLOT_OCEAN,PLOT_OCEAN,PLOT_OCEAN,PLOT_OCEAN,PLOT_OCEAN,PLOT_OCEAN,PLOT_OCEAN,PLOT_OCEAN,PLOT_OCEAN,PLOT_OCEAN,PLOT_OCEAN,PLOT_OCEAN,PLOT_OCEAN,PLOT_OCEAN,PLOT_OCEAN,PLOT_OCEAN,PLOT_OCEAN,PLOT_OCEAN,PLOT_OCEAN,PLOT_OCEAN,PLOT_OCEAN,PLOT_OCEAN,PLOT_OCEAN,PLOT_OCEAN,PLOT_OCEAN,PLOT_OCEAN,PLOT_OCEAN,PLOT_OCEAN,PLOT_OCEAN,PLOT_OCEAN,PLOT_HILLS,PLOT_PEAK,PLOT_HILLS,PLOT_LAND,PLOT_LAND,PLOT_LAND,PLOT_LAND,PLOT_LAND,PLOT_OCEAN,PLOT_OCEAN,PLOT_OCEAN,PLOT_OCEAN,PLOT_OCEAN,PLOT_OCEAN,PLOT_OCEAN,PLOT_OCEAN,PLOT_OCEAN,PLOT_OCEAN,PLOT_OCEAN,PLOT_OCEAN,PLOT_OCEAN,PLOT_OCEAN,PLOT_OCEAN,PLOT_OCEAN,PLOT_OCEAN,PLOT_OCEAN,PLOT_OCEAN,PLOT_OCEAN,PLOT_OCEAN,PLOT_OCEAN,PLOT_OCEAN,PLOT_OCEAN,PLOT_OCEAN,PLOT_OCEAN,PLOT_OCEAN,PLOT_OCEAN,PLOT_OCEAN,PLOT_OCEAN,PLOT_LAND,PLOT_PEAK,PLOT_HILLS,PLOT_HILLS,PLOT_LAND,PLOT_HILLS,PLOT_LAND,PLOT_HILLS,PLOT_LAND,PLOT_LAND,PLOT_OCEAN,PLOT_OCEAN,PLOT_OCEAN,PLOT_OCEAN,PLOT_OCEAN,PLOT_OCEAN,PLOT_OCEAN,PLOT_OCEAN,PLOT_OCEAN,PLOT_OCEAN,PLOT_OCEAN,PLOT_OCEAN,PLOT_OCEAN,PLOT_OCEAN,PLOT_OCEAN,PLOT_OCEAN,PLOT_OCEAN,PLOT_OCEAN,PLOT_OCEAN,PLOT_OCEAN,PLOT_OCEAN,PLOT_OCEAN,PLOT_OCEAN,PLOT_OCEAN,PLOT_OCEAN,PLOT_OCEAN,PLOT_OCEAN,PLOT_OCEAN,PLOT_OCEAN,PLOT_OCEAN,PLOT_OCEAN,PLOT_OCEAN,PLOT_OCEAN,PLOT_OCEAN,PLOT_OCEAN,PLOT_OCEAN,PLOT_OCEAN,PLOT_OCEAN,PLOT_OCEAN,PLOT_OCEAN,PLOT_OCEAN,PLOT_OCEAN,PLOT_OCEAN,PLOT_OCEAN,PLOT_OCEAN,PLOT_LAND,PLOT_LAND,PLOT_LAND,PLOT_LAND,PLOT_LAND,PLOT_LAND,PLOT_LAND,PLOT_LAND,PLOT_LAND,PLOT_LAND,PLOT_LAND,PLOT_HILLS,PLOT_LAND,PLOT_LAND,PLOT_LAND,PLOT_LAND,PLOT_PEAK,PLOT_HILLS,PLOT_OCEAN,PLOT_OCEAN,PLOT_OCEAN,PLOT_OCEAN,PLOT_OCEAN,PLOT_OCEAN
PLOT_OCEAN,PLOT_OCEAN,PLOT_OCEAN,PLOT_OCEAN,PLOT_OCEAN,PLOT_OCEAN,PLOT_OCEAN,PLOT_OCEAN,PLOT_OCEAN,PLOT_OCEAN,PLOT_OCEAN,PLOT_OCEAN,PLOT_OCEAN,PLOT_OCEAN,PLOT_OCEAN,PLOT_OCEAN,PLOT_OCEAN,PLOT_OCEAN,PLOT_OCEAN,PLOT_OCEAN,PLOT_OCEAN,PLOT_OCEAN,PLOT_OCEAN,PLOT_OCEAN,PLOT_OCEAN,PLOT_OCEAN,PLOT_OCEAN,PLOT_OCEAN,PLOT_OCEAN,PLOT_OCEAN,PLOT_OCEAN,PLOT_OCEAN,PLOT_OCEAN,PLOT_HILLS,PLOT_PEAK,PLOT_HILLS,PLOT_LAND,PLOT_LAND,PLOT_LAND,PLOT_OCEAN,PLOT_OCEAN,PLOT_OCEAN,PLOT_OCEAN,PLOT_OCEAN,PLOT_OCEAN,PLOT_OCEAN,PLOT_OCEAN,PLOT_OCEAN,PLOT_OCEAN,PLOT_OCEAN,PLOT_OCEAN,PLOT_OCEAN,PLOT_OCEAN,PLOT_OCEAN,PLOT_OCEAN,PLOT_OCEAN,PLOT_OCEAN,PLOT_OCEAN,PLOT_OCEAN,PLOT_OCEAN,PLOT_OCEAN,PLOT_OCEAN,PLOT_OCEAN,PLOT_OCEAN,PLOT_OCEAN,PLOT_OCEAN,PLOT_OCEAN,PLOT_OCEAN,PLOT_OCEAN,PLOT_OCEAN,PLOT_OCEAN,PLOT_OCEAN,PLOT_LAND,PLOT_HILLS,PLOT_LAND,PLOT_LAND,PLOT_LAND,PLOT_HILLS,PLOT_PEAK,PLOT_LAND,PLOT_OCEAN,PLOT_OCEAN,PLOT_OCEAN,PLOT_OCEAN,PLOT_OCEAN,PLOT_OCEAN,PLOT_OCEAN,PLOT_OCEAN,PLOT_OCEAN,PLOT_OCEAN,PLOT_OCEAN,PLOT_OCEAN,PLOT_OCEAN,PLOT_OCEAN,PLOT_OCEAN,PLOT_OCEAN,PLOT_OCEAN,PLOT_OCEAN,PLOT_OCEAN,PLOT_OCEAN,PLOT_OCEAN,PLOT_OCEAN,PLOT_OCEAN,PLOT_OCEAN,PLOT_OCEAN,PLOT_OCEAN,PLOT_OCEAN,PLOT_OCEAN,PLOT_OCEAN,PLOT_OCEAN,PLOT_OCEAN,PLOT_OCEAN,PLOT_OCEAN,PLOT_OCEAN,PLOT_OCEAN,PLOT_OCEAN,PLOT_OCEAN,PLOT_OCEAN,PLOT_OCEAN,PLOT_OCEAN,PLOT_OCEAN,PLOT_OCEAN,PLOT_OCEAN,PLOT_OCEAN,PLOT_OCEAN,PLOT_OCEAN,PLOT_OCEAN,PLOT_LAND,PLOT_LAND,PLOT_LAND,PLOT_LAND,PLOT_LAND,PLOT_LAND,PLOT_LAND,PLOT_LAND,PLOT_LAND,PLOT_LAND,PLOT_HILLS,PLOT_HILLS,PLOT_LAND,PLOT_LAND,PLOT_HILLS,PLOT_HILLS,PLOT_LAND,PLOT_OCEAN,PLOT_OCEAN,PLOT_OCEAN,PLOT_OCEAN,PLOT_OCEAN,PLOT_OCEAN
PLOT_HILLS,PLOT_OCEAN,PLOT_OCEAN,PLOT_OCEAN,PLOT_OCEAN,PLOT_OCEAN,PLOT_OCEAN,PLOT_OCEAN,PLOT_OCEAN,PLOT_OCEAN,PLOT_OCEAN,PLOT_OCEAN,PLOT_OCEAN,PLOT_OCEAN,PLOT_OCEAN,PLOT_OCEAN,PLOT_OCEAN,PLOT_OCEAN,PLOT_OCEAN,PLOT_OCEAN,PLOT_OCEAN,PLOT_OCEAN,PLOT_OCEAN,PLOT_OCEAN,PLOT_OCEAN,PLOT_OCEAN,PLOT_OCEAN,PLOT_OCEAN,PLOT_OCEAN,PLOT_OCEAN,PLOT_OCEAN,PLOT_OCEAN,PLOT_OCEAN,PLOT_PEAK,PLOT_PEAK,PLOT_HILLS,PLOT_LAND,PLOT_LAND,PLOT_LAND,PLOT_LAND,PLOT_OCEAN,PLOT_OCEAN,PLOT_OCEAN,PLOT_OCEAN,PLOT_OCEAN,PLOT_OCEAN,PLOT_OCEAN,PLOT_OCEAN,PLOT_OCEAN,PLOT_OCEAN,PLOT_OCEAN,PLOT_OCEAN,PLOT_OCEAN,PLOT_OCEAN,PLOT_OCEAN,PLOT_OCEAN,PLOT_OCEAN,PLOT_OCEAN,PLOT_OCEAN,PLOT_OCEAN,PLOT_OCEAN,PLOT_OCEAN,PLOT_OCEAN,PLOT_OCEAN,PLOT_OCEAN,PLOT_OCEAN,PLOT_OCEAN,PLOT_OCEAN,PLOT_OCEAN,PLOT_OCEAN,PLOT_OCEAN,PLOT_OCEAN,PLOT_OCEAN,PLOT_LAND,PLOT_HILLS,PLOT_HILLS,PLOT_PEAK,PLOT_PEAK,PLOT_HILLS,PLOT_LAND,PLOT_OCEAN,PLOT_OCEAN,PLOT_OCEAN,PLOT_OCEAN,PLOT_OCEAN,PLOT_OCEAN,PLOT_OCEAN,PLOT_OCEAN,PLOT_OCEAN,PLOT_OCEAN,PLOT_OCEAN,PLOT_OCEAN,PLOT_OCEAN,PLOT_OCEAN,PLOT_OCEAN,PLOT_OCEAN,PLOT_OCEAN,PLOT_OCEAN,PLOT_OCEAN,PLOT_OCEAN,PLOT_OCEAN,PLOT_OCEAN,PLOT_OCEAN,PLOT_OCEAN,PLOT_OCEAN,PLOT_OCEAN,PLOT_OCEAN,PLOT_OCEAN,PLOT_OCEAN,PLOT_OCEAN,PLOT_OCEAN,PLOT_OCEAN,PLOT_OCEAN,PLOT_OCEAN,PLOT_OCEAN,PLOT_OCEAN,PLOT_OCEAN,PLOT_OCEAN,PLOT_OCEAN,PLOT_OCEAN,PLOT_OCEAN,PLOT_OCEAN,PLOT_OCEAN,PLOT_OCEAN,PLOT_OCEAN,PLOT_OCEAN,PLOT_LAND,PLOT_LAND,PLOT_LAND,PLOT_LAND,PLOT_OCEAN,PLOT_OCEAN,PLOT_OCEAN,PLOT_OCEAN,PLOT_LAND,PLOT_LAND,PLOT_HILLS,PLOT_HILLS,PLOT_LAND,PLOT_LAND,PLOT_LAND,PLOT_PEAK,PLOT_HILLS,PLOT_OCEAN,PLOT_OCEAN,PLOT_OCEAN,PLOT_OCEAN,PLOT_OCEAN,PLOT_OCEAN,PLOT_OCEAN
PLOT_OCEAN,PLOT_LAND,PLOT_OCEAN,PLOT_OCEAN,PLOT_OCEAN,PLOT_OCEAN,PLOT_OCEAN,PLOT_OCEAN,PLOT_OCEAN,PLOT_OCEAN,PLOT_OCEAN,PLOT_OCEAN,PLOT_OCEAN,PLOT_OCEAN,PLOT_OCEAN,PLOT_OCEAN,PLOT_OCEAN,PLOT_OCEAN,PLOT_OCEAN,PLOT_OCEAN,PLOT_OCEAN,PLOT_OCEAN,PLOT_OCEAN,PLOT_OCEAN,PLOT_OCEAN,PLOT_OCEAN,PLOT_OCEAN,PLOT_OCEAN,PLOT_OCEAN,PLOT_OCEAN,PLOT_OCEAN,PLOT_OCEAN,PLOT_LAND,PLOT_PEAK,PLOT_HILLS,PLOT_LAND,PLOT_LAND,PLOT_LAND,PLOT_HILLS,PLOT_LAND,PLOT_OCEAN,PLOT_OCEAN,PLOT_OCEAN,PLOT_OCEAN,PLOT_OCEAN,PLOT_OCEAN,PLOT_OCEAN,PLOT_OCEAN,PLOT_OCEAN,PLOT_OCEAN,PLOT_OCEAN,PLOT_OCEAN,PLOT_OCEAN,PLOT_OCEAN,PLOT_OCEAN,PLOT_OCEAN,PLOT_OCEAN,PLOT_OCEAN,PLOT_OCEAN,PLOT_OCEAN,PLOT_OCEAN,PLOT_OCEAN,PLOT_OCEAN,PLOT_OCEAN,PLOT_OCEAN,PLOT_OCEAN,PLOT_OCEAN,PLOT_OCEAN,PLOT_OCEAN,PLOT_OCEAN,PLOT_OCEAN,PLOT_OCEAN,PLOT_LAND,PLOT_LAND,PLOT_LAND,PLOT_HILLS,PLOT_HILLS,PLOT_LAND,PLOT_LAND,PLOT_OCEAN,PLOT_OCEAN,PLOT_OCEAN,PLOT_OCEAN,PLOT_OCEAN,PLOT_OCEAN,PLOT_OCEAN,PLOT_OCEAN,PLOT_OCEAN,PLOT_OCEAN,PLOT_OCEAN,PLOT_OCEAN,PLOT_OCEAN,PLOT_OCEAN,PLOT_OCEAN,PLOT_OCEAN,PLOT_OCEAN,PLOT_OCEAN,PLOT_OCEAN,PLOT_OCEAN,PLOT_OCEAN,PLOT_OCEAN,PLOT_OCEAN,PLOT_OCEAN,PLOT_OCEAN,PLOT_OCEAN,PLOT_OCEAN,PLOT_OCEAN,PLOT_OCEAN,PLOT_OCEAN,PLOT_OCEAN,PLOT_OCEAN,PLOT_OCEAN,PLOT_OCEAN,PLOT_OCEAN,PLOT_OCEAN,PLOT_OCEAN,PLOT_OCEAN,PLOT_OCEAN,PLOT_OCEAN,PLOT_OCEAN,PLOT_OCEAN,PLOT_OCEAN,PLOT_OCEAN,PLOT_OCEAN,PLOT_OCEAN,PLOT_OCEAN,PLOT_OCEAN,PLOT_OCEAN,PLOT_OCEAN,PLOT_OCEAN,PLOT_OCEAN,PLOT_OCEAN,PLOT_OCEAN,PLOT_OCEAN,PLOT_OCEAN,PLOT_LAND,PLOT_OCEAN,PLOT_LAND,PLOT_LAND,PLOT_LAND,PLOT_LAND,PLOT_PEAK,PLOT_HILLS,PLOT_OCEAN,PLOT_OCEAN,PLOT_OCEAN,PLOT_OCEAN,PLOT_OCEAN,PLOT_OCEAN,PLOT_OCEAN
PLOT_OCEAN,PLOT_LAND,PLOT_HILLS,PLOT_OCEAN,PLOT_OCEAN,PLOT_OCEAN,PLOT_OCEAN,PLOT_OCEAN,PLOT_OCEAN,PLOT_OCEAN,PLOT_OCEAN,PLOT_OCEAN,PLOT_OCEAN,PLOT_OCEAN,PLOT_OCEAN,PLOT_OCEAN,PLOT_OCEAN,PLOT_OCEAN,PLOT_OCEAN,PLOT_OCEAN,PLOT_OCEAN,PLOT_OCEAN,PLOT_OCEAN,PLOT_OCEAN,PLOT_OCEAN,PLOT_OCEAN,PLOT_OCEAN,PLOT_OCEAN,PLOT_OCEAN,PLOT_OCEAN,PLOT_OCEAN,PLOT_OCEAN,PLOT_LAND,PLOT_PEAK,PLOT_HILLS,PLOT_LAND,PLOT_LAND,PLOT_LAND,PLOT_OCEAN,PLOT_OCEAN,PLOT_OCEAN,PLOT_OCEAN,PLOT_OCEAN,PLOT_OCEAN,PLOT_OCEAN,PLOT_OCEAN,PLOT_OCEAN,PLOT_OCEAN,PLOT_OCEAN,PLOT_OCEAN,PLOT_OCEAN,PLOT_OCEAN,PLOT_OCEAN,PLOT_OCEAN,PLOT_OCEAN,PLOT_OCEAN,PLOT_OCEAN,PLOT_OCEAN,PLOT_OCEAN,PLOT_OCEAN,PLOT_OCEAN,PLOT_OCEAN,PLOT_OCEAN,PLOT_OCEAN,PLOT_OCEAN,PLOT_OCEAN,PLOT_OCEAN,PLOT_OCEAN,PLOT_OCEAN,PLOT_OCEAN,PLOT_OCEAN,PLOT_OCEAN,PLOT_OCEAN,PLOT_OCEAN,PLOT_OCEAN,PLOT_OCEAN,PLOT_OCEAN,PLOT_OCEAN,PLOT_OCEAN,PLOT_OCEAN,PLOT_OCEAN,PLOT_OCEAN,PLOT_OCEAN,PLOT_OCEAN,PLOT_OCEAN,PLOT_OCEAN,PLOT_OCEAN,PLOT_OCEAN,PLOT_OCEAN,PLOT_OCEAN,PLOT_OCEAN,PLOT_OCEAN,PLOT_OCEAN,PLOT_OCEAN,PLOT_OCEAN,PLOT_OCEAN,PLOT_OCEAN,PLOT_OCEAN,PLOT_OCEAN,PLOT_OCEAN,PLOT_OCEAN,PLOT_OCEAN,PLOT_OCEAN,PLOT_OCEAN,PLOT_OCEAN,PLOT_OCEAN,PLOT_OCEAN,PLOT_OCEAN,PLOT_OCEAN,PLOT_OCEAN,PLOT_OCEAN,PLOT_OCEAN,PLOT_OCEAN,PLOT_OCEAN,PLOT_OCEAN,PLOT_OCEAN,PLOT_OCEAN,PLOT_OCEAN,PLOT_OCEAN,PLOT_OCEAN,PLOT_OCEAN,PLOT_OCEAN,PLOT_OCEAN,PLOT_OCEAN,PLOT_OCEAN,PLOT_OCEAN,PLOT_OCEAN,PLOT_OCEAN,PLOT_OCEAN,PLOT_OCEAN,PLOT_OCEAN,PLOT_OCEAN,PLOT_OCEAN,PLOT_OCEAN,PLOT_OCEAN,PLOT_OCEAN,PLOT_OCEAN,PLOT_LAND,PLOT_LAND,PLOT_HILLS,PLOT_PEAK,PLOT_HILLS,PLOT_HILLS,PLOT_OCEAN,PLOT_OCEAN,PLOT_OCEAN,PLOT_OCEAN,PLOT_OCEAN,PLOT_OCEAN,PLOT_OCEAN
PLOT_LAND,PLOT_PEAK,PLOT_OCEAN,PLOT_OCEAN,PLOT_OCEAN,PLOT_OCEAN,PLOT_OCEAN,PLOT_OCEAN,PLOT_OCEAN,PLOT_OCEAN,PLOT_OCEAN,PLOT_OCEAN,PLOT_OCEAN,PLOT_OCEAN,PLOT_OCEAN,PLOT_OCEAN,PLOT_OCEAN,PLOT_OCEAN,PLOT_OCEAN,PLOT_OCEAN,PLOT_OCEAN,PLOT_OCEAN,PLOT_OCEAN,PLOT_OCEAN,PLOT_OCEAN,PLOT_OCEAN,PLOT_OCEAN,PLOT_OCEAN,PLOT_OCEAN,PLOT_OCEAN,PLOT_OCEAN,PLOT_OCEAN,PLOT_LAND,PLOT_HILLS,PLOT_PEAK,PLOT_LAND,PLOT_LAND,PLOT_OCEAN,PLOT_OCEAN,PLOT_OCEAN,PLOT_OCEAN,PLOT_OCEAN,PLOT_OCEAN,PLOT_OCEAN,PLOT_OCEAN,PLOT_OCEAN,PLOT_OCEAN,PLOT_OCEAN,PLOT_OCEAN,PLOT_OCEAN,PLOT_OCEAN,PLOT_OCEAN,PLOT_OCEAN,PLOT_OCEAN,PLOT_OCEAN,PLOT_OCEAN,PLOT_OCEAN,PLOT_OCEAN,PLOT_OCEAN,PLOT_OCEAN,PLOT_OCEAN,PLOT_OCEAN,PLOT_OCEAN,PLOT_OCEAN,PLOT_OCEAN,PLOT_OCEAN,PLOT_OCEAN,PLOT_OCEAN,PLOT_OCEAN,PLOT_OCEAN,PLOT_OCEAN,PLOT_OCEAN,PLOT_OCEAN,PLOT_OCEAN,PLOT_OCEAN,PLOT_OCEAN,PLOT_OCEAN,PLOT_OCEAN,PLOT_OCEAN,PLOT_OCEAN,PLOT_OCEAN,PLOT_OCEAN,PLOT_OCEAN,PLOT_OCEAN,PLOT_OCEAN,PLOT_OCEAN,PLOT_OCEAN,PLOT_OCEAN,PLOT_OCEAN,PLOT_OCEAN,PLOT_OCEAN,PLOT_OCEAN,PLOT_OCEAN,PLOT_OCEAN,PLOT_OCEAN,PLOT_OCEAN,PLOT_OCEAN,PLOT_OCEAN,PLOT_OCEAN,PLOT_OCEAN,PLOT_OCEAN,PLOT_OCEAN,PLOT_OCEAN,PLOT_OCEAN,PLOT_OCEAN,PLOT_OCEAN,PLOT_OCEAN,PLOT_OCEAN,PLOT_OCEAN,PLOT_OCEAN,PLOT_OCEAN,PLOT_OCEAN,PLOT_OCEAN,PLOT_OCEAN,PLOT_OCEAN,PLOT_OCEAN,PLOT_OCEAN,PLOT_OCEAN,PLOT_OCEAN,PLOT_OCEAN,PLOT_OCEAN,PLOT_OCEAN,PLOT_OCEAN,PLOT_OCEAN,PLOT_OCEAN,PLOT_OCEAN,PLOT_OCEAN,PLOT_OCEAN,PLOT_OCEAN,PLOT_OCEAN,PLOT_OCEAN,PLOT_OCEAN,PLOT_OCEAN,PLOT_OCEAN,PLOT_OCEAN,PLOT_OCEAN,PLOT_OCEAN,PLOT_OCEAN,PLOT_LAND,PLOT_LAND,PLOT_LAND,PLOT_LAND,PLOT_OCEAN,PLOT_OCEAN,PLOT_OCEAN,PLOT_OCEAN,PLOT_OCEAN,PLOT_OCEAN,PLOT_OCEAN,PLOT_OCEAN
PLOT_OCEAN,PLOT_HILLS,PLOT_OCEAN,PLOT_OCEAN,PLOT_OCEAN,PLOT_OCEAN,PLOT_OCEAN,PLOT_OCEAN,PLOT_OCEAN,PLOT_OCEAN,PLOT_OCEAN,PLOT_OCEAN,PLOT_OCEAN,PLOT_OCEAN,PLOT_OCEAN,PLOT_OCEAN,PLOT_OCEAN,PLOT_OCEAN,PLOT_OCEAN,PLOT_OCEAN,PLOT_OCEAN,PLOT_OCEAN,PLOT_OCEAN,PLOT_OCEAN,PLOT_OCEAN,PLOT_OCEAN,PLOT_OCEAN,PLOT_OCEAN,PLOT_OCEAN,PLOT_OCEAN,PLOT_OCEAN,PLOT_OCEAN,PLOT_OCEAN,PLOT_PEAK,PLOT_PEAK,PLOT_LAND,PLOT_LAND,PLOT_OCEAN,PLOT_OCEAN,PLOT_OCEAN,PLOT_OCEAN,PLOT_OCEAN,PLOT_OCEAN,PLOT_OCEAN,PLOT_OCEAN,PLOT_OCEAN,PLOT_OCEAN,PLOT_OCEAN,PLOT_OCEAN,PLOT_OCEAN,PLOT_OCEAN,PLOT_OCEAN,PLOT_OCEAN,PLOT_OCEAN,PLOT_OCEAN,PLOT_OCEAN,PLOT_OCEAN,PLOT_OCEAN,PLOT_OCEAN,PLOT_OCEAN,PLOT_OCEAN,PLOT_OCEAN,PLOT_OCEAN,PLOT_OCEAN,PLOT_OCEAN,PLOT_OCEAN,PLOT_OCEAN,PLOT_OCEAN,PLOT_OCEAN,PLOT_OCEAN,PLOT_OCEAN,PLOT_OCEAN,PLOT_OCEAN,PLOT_OCEAN,PLOT_OCEAN,PLOT_OCEAN,PLOT_OCEAN,PLOT_OCEAN,PLOT_OCEAN,PLOT_OCEAN,PLOT_OCEAN,PLOT_OCEAN,PLOT_OCEAN,PLOT_OCEAN,PLOT_OCEAN,PLOT_OCEAN,PLOT_OCEAN,PLOT_OCEAN,PLOT_OCEAN,PLOT_OCEAN,PLOT_OCEAN,PLOT_OCEAN,PLOT_OCEAN,PLOT_OCEAN,PLOT_OCEAN,PLOT_OCEAN,PLOT_OCEAN,PLOT_OCEAN,PLOT_OCEAN,PLOT_OCEAN,PLOT_OCEAN,PLOT_OCEAN,PLOT_OCEAN,PLOT_OCEAN,PLOT_OCEAN,PLOT_OCEAN,PLOT_OCEAN,PLOT_OCEAN,PLOT_OCEAN,PLOT_OCEAN,PLOT_OCEAN,PLOT_OCEAN,PLOT_OCEAN,PLOT_OCEAN,PLOT_OCEAN,PLOT_OCEAN,PLOT_OCEAN,PLOT_OCEAN,PLOT_OCEAN,PLOT_OCEAN,PLOT_OCEAN,PLOT_OCEAN,PLOT_OCEAN,PLOT_OCEAN,PLOT_OCEAN,PLOT_OCEAN,PLOT_OCEAN,PLOT_OCEAN,PLOT_OCEAN,PLOT_OCEAN,PLOT_OCEAN,PLOT_OCEAN,PLOT_OCEAN,PLOT_OCEAN,PLOT_OCEAN,PLOT_OCEAN,PLOT_OCEAN,PLOT_OCEAN,PLOT_OCEAN,PLOT_OCEAN,PLOT_OCEAN,PLOT_OCEAN,PLOT_OCEAN,PLOT_OCEAN,PLOT_OCEAN,PLOT_OCEAN,PLOT_OCEAN,PLOT_OCEAN,PLOT_OCEAN,PLOT_OCEAN
PLOT_LAND,PLOT_OCEAN,PLOT_OCEAN,PLOT_OCEAN,PLOT_OCEAN,PLOT_OCEAN,PLOT_OCEAN,PLOT_OCEAN,PLOT_OCEAN,PLOT_OCEAN,PLOT_OCEAN,PLOT_OCEAN,PLOT_OCEAN,PLOT_OCEAN,PLOT_OCEAN,PLOT_OCEAN,PLOT_OCEAN,PLOT_OCEAN,PLOT_OCEAN,PLOT_OCEAN,PLOT_OCEAN,PLOT_OCEAN,PLOT_OCEAN,PLOT_OCEAN,PLOT_OCEAN,PLOT_OCEAN,PLOT_OCEAN,PLOT_OCEAN,PLOT_OCEAN,PLOT_OCEAN,PLOT_OCEAN,PLOT_OCEAN,PLOT_OCEAN,PLOT_PEAK,PLOT_HILLS,PLOT_LAND,PLOT_OCEAN,PLOT_OCEAN,PLOT_OCEAN,PLOT_OCEAN,PLOT_OCEAN,PLOT_OCEAN,PLOT_OCEAN,PLOT_OCEAN,PLOT_OCEAN,PLOT_OCEAN,PLOT_OCEAN,PLOT_OCEAN,PLOT_OCEAN,PLOT_OCEAN,PLOT_OCEAN,PLOT_OCEAN,PLOT_OCEAN,PLOT_OCEAN,PLOT_OCEAN,PLOT_OCEAN,PLOT_OCEAN,PLOT_OCEAN,PLOT_OCEAN,PLOT_OCEAN,PLOT_OCEAN,PLOT_OCEAN,PLOT_OCEAN,PLOT_OCEAN,PLOT_OCEAN,PLOT_OCEAN,PLOT_OCEAN,PLOT_OCEAN,PLOT_OCEAN,PLOT_OCEAN,PLOT_OCEAN,PLOT_OCEAN,PLOT_OCEAN,PLOT_OCEAN,PLOT_OCEAN,PLOT_OCEAN,PLOT_OCEAN,PLOT_OCEAN,PLOT_OCEAN,PLOT_OCEAN,PLOT_OCEAN,PLOT_OCEAN,PLOT_OCEAN,PLOT_OCEAN,PLOT_OCEAN,PLOT_OCEAN,PLOT_OCEAN,PLOT_OCEAN,PLOT_OCEAN,PLOT_OCEAN,PLOT_OCEAN,PLOT_OCEAN,PLOT_OCEAN,PLOT_OCEAN,PLOT_OCEAN,PLOT_OCEAN,PLOT_OCEAN,PLOT_OCEAN,PLOT_OCEAN,PLOT_OCEAN,PLOT_LAND,PLOT_OCEAN,PLOT_OCEAN,PLOT_OCEAN,PLOT_OCEAN,PLOT_OCEAN,PLOT_OCEAN,PLOT_OCEAN,PLOT_OCEAN,PLOT_OCEAN,PLOT_OCEAN,PLOT_OCEAN,PLOT_OCEAN,PLOT_OCEAN,PLOT_OCEAN,PLOT_OCEAN,PLOT_OCEAN,PLOT_OCEAN,PLOT_OCEAN,PLOT_OCEAN,PLOT_OCEAN,PLOT_OCEAN,PLOT_OCEAN,PLOT_OCEAN,PLOT_OCEAN,PLOT_OCEAN,PLOT_OCEAN,PLOT_OCEAN,PLOT_OCEAN,PLOT_OCEAN,PLOT_OCEAN,PLOT_OCEAN,PLOT_OCEAN,PLOT_OCEAN,PLOT_OCEAN,PLOT_OCEAN,PLOT_OCEAN,PLOT_OCEAN,PLOT_OCEAN,PLOT_OCEAN,PLOT_LAND,PLOT_HILLS,PLOT_OCEAN,PLOT_OCEAN,PLOT_OCEAN,PLOT_OCEAN,PLOT_OCEAN,PLOT_OCEAN,PLOT_OCEAN,PLOT_HILLS
PLOT_HILLS,PLOT_OCEAN,PLOT_OCEAN,PLOT_OCEAN,PLOT_OCEAN,PLOT_OCEAN,PLOT_OCEAN,PLOT_OCEAN,PLOT_OCEAN,PLOT_OCEAN,PLOT_OCEAN,PLOT_OCEAN,PLOT_OCEAN,PLOT_OCEAN,PLOT_OCEAN,PLOT_OCEAN,PLOT_OCEAN,PLOT_OCEAN,PLOT_OCEAN,PLOT_OCEAN,PLOT_OCEAN,PLOT_OCEAN,PLOT_OCEAN,PLOT_OCEAN,PLOT_OCEAN,PLOT_OCEAN,PLOT_OCEAN,PLOT_OCEAN,PLOT_OCEAN,PLOT_OCEAN,PLOT_OCEAN,PLOT_OCEAN,PLOT_OCEAN,PLOT_OCEAN,PLOT_HILLS,PLOT_HILLS,PLOT_LAND,PLOT_OCEAN,PLOT_OCEAN,PLOT_OCEAN,PLOT_OCEAN,PLOT_OCEAN,PLOT_OCEAN,PLOT_OCEAN,PLOT_OCEAN,PLOT_OCEAN,PLOT_OCEAN,PLOT_OCEAN,PLOT_OCEAN,PLOT_OCEAN,PLOT_OCEAN,PLOT_OCEAN,PLOT_OCEAN,PLOT_OCEAN,PLOT_OCEAN,PLOT_OCEAN,PLOT_OCEAN,PLOT_OCEAN,PLOT_OCEAN,PLOT_OCEAN,PLOT_OCEAN,PLOT_OCEAN,PLOT_OCEAN,PLOT_OCEAN,PLOT_OCEAN,PLOT_OCEAN,PLOT_OCEAN,PLOT_OCEAN,PLOT_OCEAN,PLOT_OCEAN,PLOT_OCEAN,PLOT_OCEAN,PLOT_OCEAN,PLOT_OCEAN,PLOT_OCEAN,PLOT_OCEAN,PLOT_OCEAN,PLOT_OCEAN,PLOT_OCEAN,PLOT_OCEAN,PLOT_OCEAN,PLOT_OCEAN,PLOT_OCEAN,PLOT_OCEAN,PLOT_OCEAN,PLOT_OCEAN,PLOT_OCEAN,PLOT_OCEAN,PLOT_OCEAN,PLOT_OCEAN,PLOT_OCEAN,PLOT_OCEAN,PLOT_OCEAN,PLOT_OCEAN,PLOT_OCEAN,PLOT_OCEAN,PLOT_OCEAN,PLOT_OCEAN,PLOT_OCEAN,PLOT_OCEAN,PLOT_OCEAN,PLOT_OCEAN,PLOT_OCEAN,PLOT_OCEAN,PLOT_OCEAN,PLOT_OCEAN,PLOT_OCEAN,PLOT_OCEAN,PLOT_OCEAN,PLOT_OCEAN,PLOT_OCEAN,PLOT_OCEAN,PLOT_OCEAN,PLOT_OCEAN,PLOT_OCEAN,PLOT_OCEAN,PLOT_OCEAN,PLOT_OCEAN,PLOT_OCEAN,PLOT_OCEAN,PLOT_OCEAN,PLOT_OCEAN,PLOT_OCEAN,PLOT_OCEAN,PLOT_OCEAN,PLOT_OCEAN,PLOT_OCEAN,PLOT_OCEAN,PLOT_OCEAN,PLOT_OCEAN,PLOT_OCEAN,PLOT_OCEAN,PLOT_OCEAN,PLOT_OCEAN,PLOT_OCEAN,PLOT_OCEAN,PLOT_OCEAN,PLOT_OCEAN,PLOT_OCEAN,PLOT_OCEAN,PLOT_OCEAN,PLOT_HILLS,PLOT_OCEAN,PLOT_OCEAN,PLOT_OCEAN,PLOT_OCEAN,PLOT_OCEAN,PLOT_OCEAN,PLOT_OCEAN,PLOT_PEAK
PLOT_OCEAN,PLOT_OCEAN,PLOT_OCEAN,PLOT_OCEAN,PLOT_OCEAN,PLOT_OCEAN,PLOT_OCEAN,PLOT_OCEAN,PLOT_OCEAN,PLOT_OCEAN,PLOT_OCEAN,PLOT_OCEAN,PLOT_OCEAN,PLOT_OCEAN,PLOT_OCEAN,PLOT_OCEAN,PLOT_OCEAN,PLOT_OCEAN,PLOT_OCEAN,PLOT_OCEAN,PLOT_OCEAN,PLOT_OCEAN,PLOT_OCEAN,PLOT_OCEAN,PLOT_OCEAN,PLOT_OCEAN,PLOT_OCEAN,PLOT_OCEAN,PLOT_OCEAN,PLOT_OCEAN,PLOT_OCEAN,PLOT_OCEAN,PLOT_OCEAN,PLOT_PEAK,PLOT_HILLS,PLOT_LAND,PLOT_OCEAN,PLOT_OCEAN,PLOT_OCEAN,PLOT_LAND,PLOT_OCEAN,PLOT_OCEAN,PLOT_OCEAN,PLOT_OCEAN,PLOT_OCEAN,PLOT_OCEAN,PLOT_OCEAN,PLOT_OCEAN,PLOT_OCEAN,PLOT_OCEAN,PLOT_OCEAN,PLOT_OCEAN,PLOT_OCEAN,PLOT_OCEAN,PLOT_OCEAN,PLOT_OCEAN,PLOT_OCEAN,PLOT_OCEAN,PLOT_OCEAN,PLOT_OCEAN,PLOT_OCEAN,PLOT_OCEAN,PLOT_OCEAN,PLOT_OCEAN,PLOT_OCEAN,PLOT_OCEAN,PLOT_OCEAN,PLOT_OCEAN,PLOT_OCEAN,PLOT_OCEAN,PLOT_OCEAN,PLOT_OCEAN,PLOT_OCEAN,PLOT_OCEAN,PLOT_OCEAN,PLOT_OCEAN,PLOT_OCEAN,PLOT_OCEAN,PLOT_OCEAN,PLOT_OCEAN,PLOT_OCEAN,PLOT_OCEAN,PLOT_OCEAN,PLOT_OCEAN,PLOT_OCEAN,PLOT_OCEAN,PLOT_OCEAN,PLOT_OCEAN,PLOT_OCEAN,PLOT_OCEAN,PLOT_OCEAN,PLOT_OCEAN,PLOT_OCEAN,PLOT_OCEAN,PLOT_OCEAN,PLOT_OCEAN,PLOT_OCEAN,PLOT_OCEAN,PLOT_OCEAN,PLOT_OCEAN,PLOT_OCEAN,PLOT_OCEAN,PLOT_OCEAN,PLOT_OCEAN,PLOT_OCEAN,PLOT_OCEAN,PLOT_OCEAN,PLOT_OCEAN,PLOT_OCEAN,PLOT_OCEAN,PLOT_OCEAN,PLOT_OCEAN,PLOT_OCEAN,PLOT_OCEAN,PLOT_OCEAN,PLOT_OCEAN,PLOT_OCEAN,PLOT_OCEAN,PLOT_OCEAN,PLOT_OCEAN,PLOT_OCEAN,PLOT_OCEAN,PLOT_OCEAN,PLOT_OCEAN,PLOT_OCEAN,PLOT_OCEAN,PLOT_OCEAN,PLOT_OCEAN,PLOT_OCEAN,PLOT_OCEAN,PLOT_OCEAN,PLOT_OCEAN,PLOT_OCEAN,PLOT_OCEAN,PLOT_OCEAN,PLOT_OCEAN,PLOT_OCEAN,PLOT_OCEAN,PLOT_OCEAN,PLOT_OCEAN,PLOT_OCEAN,PLOT_OCEAN,PLOT_OCEAN,PLOT_OCEAN,PLOT_OCEAN,PLOT_OCEAN,PLOT_OCEAN,PLOT_OCEAN,PLOT_PEAK,PLOT_LAND
PLOT_OCEAN,PLOT_OCEAN,PLOT_OCEAN,PLOT_OCEAN,PLOT_OCEAN,PLOT_OCEAN,PLOT_OCEAN,PLOT_OCEAN,PLOT_OCEAN,PLOT_OCEAN,PLOT_OCEAN,PLOT_OCEAN,PLOT_OCEAN,PLOT_OCEAN,PLOT_OCEAN,PLOT_OCEAN,PLOT_OCEAN,PLOT_OCEAN,PLOT_OCEAN,PLOT_OCEAN,PLOT_OCEAN,PLOT_OCEAN,PLOT_OCEAN,PLOT_OCEAN,PLOT_OCEAN,PLOT_OCEAN,PLOT_OCEAN,PLOT_OCEAN,PLOT_OCEAN,PLOT_OCEAN,PLOT_OCEAN,PLOT_OCEAN,PLOT_OCEAN,PLOT_OCEAN,PLOT_HILLS,PLOT_LAND,PLOT_OCEAN,PLOT_OCEAN,PLOT_OCEAN,PLOT_OCEAN,PLOT_OCEAN,PLOT_OCEAN,PLOT_OCEAN,PLOT_OCEAN,PLOT_OCEAN,PLOT_OCEAN,PLOT_OCEAN,PLOT_OCEAN,PLOT_OCEAN,PLOT_OCEAN,PLOT_OCEAN,PLOT_OCEAN,PLOT_OCEAN,PLOT_OCEAN,PLOT_OCEAN,PLOT_OCEAN,PLOT_OCEAN,PLOT_OCEAN,PLOT_OCEAN,PLOT_OCEAN,PLOT_OCEAN,PLOT_OCEAN,PLOT_OCEAN,PLOT_OCEAN,PLOT_OCEAN,PLOT_OCEAN,PLOT_OCEAN,PLOT_OCEAN,PLOT_OCEAN,PLOT_OCEAN,PLOT_OCEAN,PLOT_OCEAN,PLOT_OCEAN,PLOT_OCEAN,PLOT_OCEAN,PLOT_OCEAN,PLOT_OCEAN,PLOT_OCEAN,PLOT_OCEAN,PLOT_OCEAN,PLOT_OCEAN,PLOT_OCEAN,PLOT_OCEAN,PLOT_OCEAN,PLOT_OCEAN,PLOT_OCEAN,PLOT_OCEAN,PLOT_OCEAN,PLOT_OCEAN,PLOT_OCEAN,PLOT_OCEAN,PLOT_OCEAN,PLOT_OCEAN,PLOT_OCEAN,PLOT_OCEAN,PLOT_OCEAN,PLOT_OCEAN,PLOT_OCEAN,PLOT_OCEAN,PLOT_OCEAN,PLOT_OCEAN,PLOT_OCEAN,PLOT_OCEAN,PLOT_OCEAN,PLOT_OCEAN,PLOT_OCEAN,PLOT_OCEAN,PLOT_OCEAN,PLOT_OCEAN,PLOT_OCEAN,PLOT_OCEAN,PLOT_OCEAN,PLOT_OCEAN,PLOT_OCEAN,PLOT_OCEAN,PLOT_OCEAN,PLOT_OCEAN,PLOT_OCEAN,PLOT_OCEAN,PLOT_OCEAN,PLOT_OCEAN,PLOT_OCEAN,PLOT_OCEAN,PLOT_OCEAN,PLOT_OCEAN,PLOT_OCEAN,PLOT_OCEAN,PLOT_OCEAN,PLOT_OCEAN,PLOT_OCEAN,PLOT_OCEAN,PLOT_OCEAN,PLOT_OCEAN,PLOT_OCEAN,PLOT_OCEAN,PLOT_OCEAN,PLOT_OCEAN,PLOT_OCEAN,PLOT_OCEAN,PLOT_OCEAN,PLOT_OCEAN,PLOT_OCEAN,PLOT_OCEAN,PLOT_OCEAN,PLOT_OCEAN,PLOT_OCEAN,PLOT_OCEAN,PLOT_OCEAN,PLOT_HILLS,PLOT_HILLS
PLOT_OCEAN,PLOT_OCEAN,PLOT_OCEAN,PLOT_OCEAN,PLOT_OCEAN,PLOT_OCEAN,PLOT_OCEAN,PLOT_OCEAN,PLOT_OCEAN,PLOT_OCEAN,PLOT_OCEAN,PLOT_OCEAN,PLOT_OCEAN,PLOT_OCEAN,PLOT_OCEAN,PLOT_OCEAN,PLOT_OCEAN,PLOT_OCEAN,PLOT_OCEAN,PLOT_OCEAN,PLOT_OCEAN,PLOT_OCEAN,PLOT_OCEAN,PLOT_OCEAN,PLOT_OCEAN,PLOT_OCEAN,PLOT_OCEAN,PLOT_OCEAN,PLOT_OCEAN,PLOT_OCEAN,PLOT_OCEAN,PLOT_OCEAN,PLOT_OCEAN,PLOT_OCEAN,PLOT_OCEAN,PLOT_HILLS,PLOT_HILLS,PLOT_OCEAN,PLOT_OCEAN,PLOT_OCEAN,PLOT_OCEAN,PLOT_OCEAN,PLOT_OCEAN,PLOT_OCEAN,PLOT_OCEAN,PLOT_OCEAN,PLOT_OCEAN,PLOT_OCEAN,PLOT_OCEAN,PLOT_HILLS,PLOT_OCEAN,PLOT_OCEAN,PLOT_OCEAN,PLOT_OCEAN,PLOT_OCEAN,PLOT_OCEAN,PLOT_OCEAN,PLOT_OCEAN,PLOT_OCEAN,PLOT_OCEAN,PLOT_OCEAN,PLOT_OCEAN,PLOT_OCEAN,PLOT_OCEAN,PLOT_OCEAN,PLOT_OCEAN,PLOT_OCEAN,PLOT_OCEAN,PLOT_OCEAN,PLOT_OCEAN,PLOT_OCEAN,PLOT_OCEAN,PLOT_OCEAN,PLOT_OCEAN,PLOT_OCEAN,PLOT_OCEAN,PLOT_OCEAN,PLOT_OCEAN,PLOT_OCEAN,PLOT_OCEAN,PLOT_OCEAN,PLOT_OCEAN,PLOT_OCEAN,PLOT_OCEAN,PLOT_OCEAN,PLOT_OCEAN,PLOT_OCEAN,PLOT_OCEAN,PLOT_OCEAN,PLOT_OCEAN,PLOT_OCEAN,PLOT_OCEAN,PLOT_OCEAN,PLOT_OCEAN,PLOT_OCEAN,PLOT_OCEAN,PLOT_OCEAN,PLOT_OCEAN,PLOT_OCEAN,PLOT_OCEAN,PLOT_OCEAN,PLOT_OCEAN,PLOT_OCEAN,PLOT_OCEAN,PLOT_OCEAN,PLOT_OCEAN,PLOT_OCEAN,PLOT_OCEAN,PLOT_OCEAN,PLOT_OCEAN,PLOT_OCEAN,PLOT_OCEAN,PLOT_OCEAN,PLOT_OCEAN,PLOT_OCEAN,PLOT_OCEAN,PLOT_OCEAN,PLOT_OCEAN,PLOT_OCEAN,PLOT_OCEAN,PLOT_OCEAN,PLOT_OCEAN,PLOT_OCEAN,PLOT_OCEAN,PLOT_OCEAN,PLOT_OCEAN,PLOT_OCEAN,PLOT_OCEAN,PLOT_OCEAN,PLOT_OCEAN,PLOT_OCEAN,PLOT_OCEAN,PLOT_OCEAN,PLOT_OCEAN,PLOT_OCEAN,PLOT_OCEAN,PLOT_OCEAN,PLOT_OCEAN,PLOT_OCEAN,PLOT_OCEAN,PLOT_OCEAN,PLOT_OCEAN,PLOT_OCEAN,PLOT_OCEAN,PLOT_OCEAN,PLOT_OCEAN,PLOT_OCEAN,PLOT_OCEAN,PLOT_OCEAN,PLOT_OCEAN
PLOT_OCEAN,PLOT_OCEAN,PLOT_OCEAN,PLOT_OCEAN,PLOT_OCEAN,PLOT_OCEAN,PLOT_OCEAN,PLOT_OCEAN,PLOT_OCEAN,PLOT_OCEAN,PLOT_OCEAN,PLOT_OCEAN,PLOT_OCEAN,PLOT_OCEAN,PLOT_OCEAN,PLOT_OCEAN,PLOT_OCEAN,PLOT_OCEAN,PLOT_OCEAN,PLOT_OCEAN,PLOT_OCEAN,PLOT_OCEAN,PLOT_OCEAN,PLOT_OCEAN,PLOT_OCEAN,PLOT_OCEAN,PLOT_OCEAN,PLOT_OCEAN,PLOT_OCEAN,PLOT_OCEAN,PLOT_OCEAN,PLOT_OCEAN,PLOT_OCEAN,PLOT_OCEAN,PLOT_OCEAN,PLOT_OCEAN,PLOT_OCEAN,PLOT_OCEAN,PLOT_OCEAN,PLOT_OCEAN,PLOT_OCEAN,PLOT_OCEAN,PLOT_OCEAN,PLOT_OCEAN,PLOT_OCEAN,PLOT_OCEAN,PLOT_OCEAN,PLOT_OCEAN,PLOT_OCEAN,PLOT_OCEAN,PLOT_OCEAN,PLOT_OCEAN,PLOT_OCEAN,PLOT_OCEAN,PLOT_OCEAN,PLOT_OCEAN,PLOT_OCEAN,PLOT_OCEAN,PLOT_OCEAN,PLOT_OCEAN,PLOT_OCEAN,PLOT_OCEAN,PLOT_OCEAN,PLOT_OCEAN,PLOT_OCEAN,PLOT_OCEAN,PLOT_OCEAN,PLOT_OCEAN,PLOT_OCEAN,PLOT_OCEAN,PLOT_OCEAN,PLOT_OCEAN,PLOT_OCEAN,PLOT_OCEAN,PLOT_OCEAN,PLOT_OCEAN,PLOT_OCEAN,PLOT_OCEAN,PLOT_OCEAN,PLOT_OCEAN,PLOT_OCEAN,PLOT_OCEAN,PLOT_OCEAN,PLOT_OCEAN,PLOT_OCEAN,PLOT_OCEAN,PLOT_OCEAN,PLOT_OCEAN,PLOT_OCEAN,PLOT_OCEAN,PLOT_OCEAN,PLOT_OCEAN,PLOT_OCEAN,PLOT_OCEAN,PLOT_OCEAN,PLOT_OCEAN,PLOT_OCEAN,PLOT_OCEAN,PLOT_OCEAN,PLOT_OCEAN,PLOT_OCEAN,PLOT_OCEAN,PLOT_OCEAN,PLOT_OCEAN,PLOT_OCEAN,PLOT_OCEAN,PLOT_OCEAN,PLOT_OCEAN,PLOT_OCEAN,PLOT_OCEAN,PLOT_OCEAN,PLOT_OCEAN,PLOT_OCEAN,PLOT_OCEAN,PLOT_OCEAN,PLOT_OCEAN,PLOT_OCEAN,PLOT_OCEAN,PLOT_OCEAN,PLOT_OCEAN,PLOT_OCEAN,PLOT_OCEAN,PLOT_OCEAN,PLOT_OCEAN,PLOT_OCEAN,PLOT_OCEAN,PLOT_OCEAN,PLOT_OCEAN,PLOT_OCEAN,PLOT_OCEAN,PLOT_OCEAN,PLOT_OCEAN,PLOT_OCEAN,PLOT_OCEAN,PLOT_OCEAN,PLOT_OCEAN,PLOT_OCEAN,PLOT_OCEAN,PLOT_OCEAN,PLOT_OCEAN,PLOT_OCEAN,PLOT_OCEAN,PLOT_OCEAN,PLOT_OCEAN,PLOT_OCEAN,PLOT_OCEAN,PLOT_OCEAN,PLOT_OCEAN,PLOT_OCEAN,PLOT_OCEAN
PLOT_OCEAN,PLOT_OCEAN,PLOT_OCEAN,PLOT_OCEAN,PLOT_OCEAN,PLOT_OCEAN,PLOT_OCEAN,PLOT_OCEAN,PLOT_OCEAN,PLOT_OCEAN,PLOT_OCEAN,PLOT_OCEAN,PLOT_OCEAN,PLOT_OCEAN,PLOT_OCEAN,PLOT_OCEAN,PLOT_OCEAN,PLOT_OCEAN,PLOT_OCEAN,PLOT_OCEAN,PLOT_OCEAN,PLOT_OCEAN,PLOT_OCEAN,PLOT_OCEAN,PLOT_OCEAN,PLOT_OCEAN,PLOT_OCEAN,PLOT_OCEAN,PLOT_OCEAN,PLOT_OCEAN,PLOT_OCEAN,PLOT_OCEAN,PLOT_OCEAN,PLOT_OCEAN,PLOT_OCEAN,PLOT_OCEAN,PLOT_OCEAN,PLOT_OCEAN,PLOT_OCEAN,PLOT_OCEAN,PLOT_LAND,PLOT_OCEAN,PLOT_OCEAN,PLOT_OCEAN,PLOT_OCEAN,PLOT_OCEAN,PLOT_OCEAN,PLOT_OCEAN,PLOT_OCEAN,PLOT_OCEAN,PLOT_OCEAN,PLOT_OCEAN,PLOT_OCEAN,PLOT_OCEAN,PLOT_OCEAN,PLOT_OCEAN,PLOT_OCEAN,PLOT_OCEAN,PLOT_OCEAN,PLOT_OCEAN,PLOT_OCEAN,PLOT_OCEAN,PLOT_OCEAN,PLOT_OCEAN,PLOT_OCEAN,PLOT_OCEAN,PLOT_OCEAN,PLOT_OCEAN,PLOT_OCEAN,PLOT_OCEAN,PLOT_OCEAN,PLOT_OCEAN,PLOT_OCEAN,PLOT_OCEAN,PLOT_OCEAN,PLOT_OCEAN,PLOT_OCEAN,PLOT_OCEAN,PLOT_OCEAN,PLOT_OCEAN,PLOT_OCEAN,PLOT_OCEAN,PLOT_OCEAN,PLOT_OCEAN,PLOT_OCEAN,PLOT_OCEAN,PLOT_OCEAN,PLOT_OCEAN,PLOT_OCEAN,PLOT_OCEAN,PLOT_LAND,PLOT_LAND,PLOT_HILLS,PLOT_HILLS,PLOT_HILLS,PLOT_HILLS,PLOT_LAND,PLOT_OCEAN,PLOT_OCEAN,PLOT_OCEAN,PLOT_OCEAN,PLOT_OCEAN,PLOT_OCEAN,PLOT_OCEAN,PLOT_OCEAN,PLOT_OCEAN,PLOT_OCEAN,PLOT_OCEAN,PLOT_OCEAN,PLOT_OCEAN,PLOT_OCEAN,PLOT_OCEAN,PLOT_OCEAN,PLOT_OCEAN,PLOT_OCEAN,PLOT_OCEAN,PLOT_OCEAN,PLOT_LAND,PLOT_LAND,PLOT_LAND,PLOT_LAND,PLOT_LAND,PLOT_OCEAN,PLOT_OCEAN,PLOT_HILLS,PLOT_HILLS,PLOT_OCEAN,PLOT_OCEAN,PLOT_OCEAN,PLOT_OCEAN,PLOT_OCEAN,PLOT_OCEAN,PLOT_OCEAN,PLOT_OCEAN,PLOT_OCEAN,PLOT_OCEAN,PLOT_OCEAN,PLOT_OCEAN,PLOT_OCEAN,PLOT_OCEAN,PLOT_OCEAN,PLOT_OCEAN,PLOT_OCEAN,PLOT_OCEAN,PLOT_OCEAN,PLOT_OCEAN,PLOT_OCEAN,PLOT_OCEAN,PLOT_OCEAN,PLOT_OCEAN
PLOT_OCEAN,PLOT_OCEAN,PLOT_OCEAN,PLOT_OCEAN,PLOT_OCEAN,PLOT_OCEAN,PLOT_OCEAN,PLOT_OCEAN,PLOT_OCEAN,PLOT_OCEAN,PLOT_OCEAN,PLOT_OCEAN,PLOT_OCEAN,PLOT_OCEAN,PLOT_OCEAN,PLOT_OCEAN,PLOT_OCEAN,PLOT_OCEAN,PLOT_OCEAN,PLOT_OCEAN,PLOT_OCEAN,PLOT_OCEAN,PLOT_OCEAN,PLOT_OCEAN,PLOT_OCEAN,PLOT_OCEAN,PLOT_OCEAN,PLOT_OCEAN,PLOT_OCEAN,PLOT_OCEAN,PLOT_OCEAN,PLOT_OCEAN,PLOT_OCEAN,PLOT_OCEAN,PLOT_OCEAN,PLOT_OCEAN,PLOT_OCEAN,PLOT_OCEAN,PLOT_OCEAN,PLOT_LAND,PLOT_LAND,PLOT_OCEAN,PLOT_OCEAN,PLOT_OCEAN,PLOT_OCEAN,PLOT_OCEAN,PLOT_OCEAN,PLOT_OCEAN,PLOT_OCEAN,PLOT_OCEAN,PLOT_OCEAN,PLOT_OCEAN,PLOT_OCEAN,PLOT_OCEAN,PLOT_OCEAN,PLOT_OCEAN,PLOT_OCEAN,PLOT_OCEAN,PLOT_OCEAN,PLOT_OCEAN,PLOT_OCEAN,PLOT_OCEAN,PLOT_OCEAN,PLOT_OCEAN,PLOT_OCEAN,PLOT_OCEAN,PLOT_OCEAN,PLOT_OCEAN,PLOT_OCEAN,PLOT_OCEAN,PLOT_OCEAN,PLOT_OCEAN,PLOT_OCEAN,PLOT_OCEAN,PLOT_OCEAN,PLOT_OCEAN,PLOT_OCEAN,PLOT_LAND,PLOT_LAND,PLOT_HILLS,PLOT_HILLS,PLOT_LAND,PLOT_LAND,PLOT_LAND,PLOT_HILLS,PLOT_HILLS,PLOT_HILLS,PLOT_LAND,PLOT_LAND,PLOT_HILLS,PLOT_HILLS,PLOT_HILLS,PLOT_HILLS,PLOT_HILLS,PLOT_HILLS,PLOT_HILLS,PLOT_HILLS,PLOT_HILLS,PLOT_LAND,PLOT_HILLS,PLOT_HILLS,PLOT_LAND,PLOT_OCEAN,PLOT_OCEAN,PLOT_OCEAN,PLOT_OCEAN,PLOT_LAND,PLOT_LAND,PLOT_LAND,PLOT_HILLS,PLOT_HILLS,PLOT_HILLS,PLOT_HILLS,PLOT_HILLS,PLOT_HILLS,PLOT_LAND,PLOT_LAND,PLOT_HILLS,PLOT_HILLS,PLOT_HILLS,PLOT_HILLS,PLOT_HILLS,PLOT_HILLS,PLOT_LAND,PLOT_LAND,PLOT_LAND,PLOT_LAND,PLOT_LAND,PLOT_OCEAN,PLOT_LAND,PLOT_HILLS,PLOT_HILLS,PLOT_HILLS,PLOT_OCEAN,PLOT_OCEAN,PLOT_OCEAN,PLOT_OCEAN,PLOT_OCEAN,PLOT_OCEAN,PLOT_OCEAN,PLOT_OCEAN,PLOT_OCEAN,PLOT_OCEAN,PLOT_OCEAN,PLOT_OCEAN,PLOT_OCEAN,PLOT_OCEAN,PLOT_OCEAN,PLOT_OCEAN,PLOT_OCEAN
